date,storage_bcf,hh_price,year,month,iso_year,iso_week,quarter,storage_change_bcf,flow_type,seasonal_norm,storage_deviation_bcf
2010-01-01,3117,5.88,2010,1,2009,53,1,,,,
2010-01-08,2850,6.56,2010,1,2010,1,1,-267.0,,,
2010-01-15,2607,5.68,2010,1,2010,2,1,-243.0,,,
2010-01-22,2521,5.56,2010,1,2010,3,1,-86.0,,,
2010-01-29,2406,5.47,2010,1,2010,4,1,-115.0,,,
2010-02-05,2214,5.47,2010,2,2010,5,1,-192.0,,,
2010-02-12,2026,5.55,2010,2,2010,6,1,-188.0,,,
2010-02-19,1853,5.41,2010,2,2010,7,1,-173.0,,,
2010-02-26,1738,4.87,2010,2,2010,8,1,-115.0,,,
2010-03-05,1627,4.74,2010,3,2010,9,1,-111.0,,,
2010-03-12,1614,4.45,2010,3,2010,10,1,-13.0,,,
2010-03-19,1626,4.23,2010,3,2010,11,1,12.0,,,
2010-03-26,1638,4.01,2010,3,2010,12,1,12.0,,,
2010-04-02,1670,3.82,2010,4,2010,13,2,32.0,,,
2010-04-09,1754,4.0,2010,4,2010,14,2,84.0,,,
2010-04-16,1828,4.06,2010,4,2010,15,2,74.0,,,
2010-04-23,1912,3.99,2010,4,2010,16,2,84.0,,,
2010-04-30,1994,4.16,2010,4,2010,17,2,82.0,,,
2010-05-07,2091,3.94,2010,5,2010,18,2,97.0,,,
2010-05-14,2165,4.19,2010,5,2010,19,2,74.0,,,
2010-05-21,2268,4.26,2010,5,2010,20,2,103.0,,,
2010-05-28,2357,4.18,2010,5,2010,21,2,89.0,,,
2010-06-04,2456,4.44,2010,6,2010,22,2,99.0,,,
2010-06-11,2542,4.73,2010,6,2010,23,2,86.0,,,
2010-06-18,2625,5.1,2010,6,2010,24,2,83.0,,,
2010-06-25,2684,4.93,2010,6,2010,25,2,59.0,,,
2010-07-02,2761,4.66,2010,7,2010,26,3,77.0,,,
2010-07-09,2841,4.65,2010,7,2010,27,3,80.0,,,
2010-07-16,2893,4.48,2010,7,2010,28,3,52.0,,,
2010-07-23,2919,4.64,2010,7,2010,29,3,26.0,,,
2010-07-30,2947,4.75,2010,7,2010,30,3,28.0,,,
2010-08-06,2984,4.8,2010,8,2010,31,3,37.0,,,
2010-08-13,3013,4.42,2010,8,2010,32,3,29.0,,,
2010-08-20,3054,4.3,2010,8,2010,33,3,41.0,,,
2010-08-27,3105,3.96,2010,8,2010,34,3,51.0,,,
2010-09-03,3163,3.76,2010,9,2010,35,3,58.0,,,
2010-09-10,3267,3.8,2010,9,2010,36,3,104.0,,,
2010-09-17,3341,4.01,2010,9,2010,37,3,74.0,,,
2010-09-24,3415,4.01,2010,9,2010,38,3,74.0,,,
2010-10-01,3499,3.79,2010,10,2010,39,4,84.0,,,
2010-10-08,3590,3.52,2010,10,2010,40,4,91.0,,,
2010-10-15,3683,3.49,2010,10,2010,41,4,93.0,,,
2010-10-22,3754,3.37,2010,10,2010,42,4,71.0,,,
2010-10-29,3821,3.31,2010,10,2010,43,4,67.0,,,
2010-11-05,3840,3.39,2010,11,2010,44,4,19.0,,,
2010-11-12,3834,3.7,2010,11,2010,45,4,-6.0,,,
2010-11-19,3828,3.73,2010,11,2010,46,4,-6.0,,,
2010-11-26,3805,3.9,2010,11,2010,47,4,-23.0,,,
2010-12-03,3717,4.2,2010,12,2010,48,4,-88.0,,,
2010-12-10,3553,4.46,2010,12,2010,49,4,-164.0,,,
2010-12-17,3369,4.26,2010,12,2010,50,4,-184.0,,,
2010-12-24,3232,4.09,2010,12,2010,51,4,-137.0,,,
2010-12-31,3097,4.16,2010,12,2010,52,4,-135.0,,,
2011-01-07,2960,4.52,2011,1,2011,1,1,-137.0,,,
2011-01-14,2716,4.46,2011,1,2011,2,1,-244.0,,,
2011-01-21,2543,4.57,2011,1,2011,3,1,-173.0,,,
2011-01-28,2355,4.45,2011,1,2011,4,1,-188.0,,,
2011-02-04,2144,4.51,2011,2,2011,5,1,-211.0,,,
2011-02-11,1910,4.17,2011,2,2011,6,1,-234.0,,,
2011-02-18,1831,3.9,2011,2,2011,7,1,-79.0,,,
2011-02-25,1745,3.84,2011,2,2011,8,1,-86.0,,,
2011-03-04,1672,3.82,2011,3,2011,9,1,-73.0,,,
2011-03-11,1616,3.8,2011,3,2011,10,1,-56.0,,,
2011-03-18,1611,3.88,2011,3,2011,11,1,-5.0,,,
2011-03-25,1622,4.12,2011,3,2011,12,1,11.0,,,
2011-04-01,1578,4.3,2011,4,2011,13,2,-44.0,,,
2011-04-08,1606,4.15,2011,4,2011,14,2,28.0,,,
2011-04-15,1654,4.12,2011,4,2011,15,2,48.0,,,
2011-04-22,1685,4.27,2011,4,2011,16,2,31.0,,,
2011-04-29,1757,4.39,2011,4,2011,17,2,72.0,,,
2011-05-06,1827,4.5,2011,5,2011,18,2,70.0,,,
2011-05-13,1919,4.18,2011,5,2011,19,2,92.0,,,
2011-05-20,2023,4.15,2011,5,2011,20,2,104.0,,,
2011-05-27,2107,4.35,2011,5,2011,21,2,84.0,,,
2011-06-03,2188,4.65,2011,6,2011,22,2,81.0,,,
2011-06-10,2257,4.83,2011,6,2011,23,2,69.0,,,
2011-06-17,2354,4.56,2011,6,2011,24,2,97.0,,,
2011-06-24,2432,4.33,2011,6,2011,25,2,78.0,,,
2011-07-01,2526,4.32,2011,7,2011,26,3,94.0,,,
2011-07-08,2611,4.3,2011,7,2011,27,3,85.0,,,
2011-07-15,2671,4.41,2011,7,2011,28,3,60.0,,,
2011-07-22,2714,4.58,2011,7,2011,29,3,43.0,,,
2011-07-29,2759,4.4,2011,7,2011,30,3,45.0,,,
2011-08-05,2783,4.21,2011,8,2011,31,3,24.0,,,
2011-08-12,2833,4.08,2011,8,2011,32,3,50.0,,,
2011-08-19,2906,4.01,2011,8,2011,33,3,73.0,,,
2011-08-26,2960,4.01,2011,8,2011,34,3,54.0,,,
2011-09-02,3025,4.01,2011,9,2011,35,3,65.0,,,
2011-09-09,3110,3.96,2011,9,2011,36,3,85.0,,,
2011-09-16,3201,3.95,2011,9,2011,37,3,91.0,,,
2011-09-23,3311,3.77,2011,9,2011,38,3,110.0,,,
2011-09-30,3408,3.81,2011,9,2011,39,3,97.0,,,
2011-10-07,3521,3.53,2011,10,2011,40,4,113.0,,,
2011-10-14,3624,3.48,2011,10,2011,41,4,103.0,,,
2011-10-21,3717,3.62,2011,10,2011,42,4,93.0,,,
2011-10-28,3793,3.62,2011,10,2011,43,4,76.0,,,
2011-11-04,3830,3.47,2011,11,2011,44,4,37.0,,,
2011-11-11,3844,3.42,2011,11,2011,45,4,14.0,,,
2011-11-18,3853,3.1,2011,11,2011,46,4,9.0,,,
2011-11-25,3850,2.92,2011,11,2011,47,4,-3.0,,,
2011-12-02,3830,3.37,2011,12,2011,48,4,-20.0,,,
2011-12-09,3729,3.39,2011,12,2011,49,4,-101.0,,,
2011-12-16,3628,3.08,2011,12,2011,50,4,-101.0,,,
2011-12-23,3548,3.04,2011,12,2011,51,4,-80.0,,,
2011-12-30,3471,3.04,2011,12,2011,52,4,-77.0,,,
2012-01-06,3377,2.92,2012,1,2012,1,1,-94.0,,,
2012-01-13,3290,2.81,2012,1,2012,2,1,-87.0,,,
2012-01-20,3098,2.4,2012,1,2012,3,1,-192.0,,,
2012-01-27,2966,2.57,2012,1,2012,4,1,-132.0,,,
2012-02-03,2888,2.45,2012,2,2012,5,1,-78.0,,,
2012-02-10,2761,2.51,2012,2,2012,6,1,-127.0,,,
2012-02-17,2595,2.52,2012,2,2012,7,1,-166.0,,,
2012-02-24,2513,2.63,2012,2,2012,8,1,-82.0,,,
2012-03-02,2433,2.45,2012,3,2012,9,1,-80.0,,,
2012-03-09,2369,2.26,2012,3,2012,10,1,-64.0,,,
2012-03-16,2380,2.11,2012,3,2012,11,1,11.0,,,
2012-03-23,2429,2.16,2012,3,2012,12,1,49.0,,,
2012-03-30,2472,2.06,2012,3,2012,13,1,43.0,,,
2012-04-06,2478,1.97,2012,4,2012,14,2,6.0,,,
2012-04-13,2503,1.93,2012,4,2012,15,2,25.0,,,
2012-04-20,2546,1.86,2012,4,2012,16,2,43.0,,,
2012-04-27,2576,2.0,2012,4,2012,17,2,30.0,,,
2012-05-04,2606,2.26,2012,5,2012,18,2,30.0,,,
2012-05-11,2667,2.33,2012,5,2012,19,2,61.0,,,
2012-05-18,2744,2.49,2012,5,2012,20,2,77.0,,,
2012-05-25,2815,2.59,2012,5,2012,21,2,71.0,,,
2012-06-01,2877,2.37,2012,6,2012,22,2,62.0,,,
2012-06-08,2944,2.33,2012,6,2012,23,2,67.0,,,
2012-06-15,3006,2.24,2012,6,2012,24,2,62.0,,,
2012-06-22,3063,2.52,2012,6,2012,25,2,57.0,,,
2012-06-29,3102,2.76,2012,6,2012,26,2,39.0,,,
2012-07-06,3135,2.84,2012,7,2012,27,3,33.0,,,
2012-07-13,3163,2.82,2012,7,2012,28,3,28.0,,,
2012-07-20,3190,2.92,2012,7,2012,29,3,27.0,,,
2012-07-27,3217,3.13,2012,7,2012,30,3,27.0,,,
2012-08-03,3240,3.12,2012,8,2012,31,3,23.0,,,
2012-08-10,3261,2.92,2012,8,2012,32,3,21.0,,,
2012-08-17,3308,2.77,2012,8,2012,33,3,47.0,,,
2012-08-24,3374,2.79,2012,8,2012,34,3,66.0,,,
2012-08-31,3402,2.72,2012,8,2012,35,3,28.0,,,
2012-09-07,3429,2.82,2012,9,2012,36,3,27.0,,,
2012-09-14,3496,2.88,2012,9,2012,37,3,67.0,,,
2012-09-21,3576,2.76,2012,9,2012,38,3,80.0,,,
2012-09-28,3654,2.93,2012,9,2012,39,3,78.0,,,
2012-10-05,3726,3.22,2012,10,2012,40,4,72.0,,,
2012-10-12,3776,3.26,2012,10,2012,41,4,50.0,,,
2012-10-19,3843,3.31,2012,10,2012,42,4,67.0,,,
2012-10-26,3907,3.41,2012,10,2012,43,4,64.0,,,
2012-11-02,3928,3.44,2012,11,2012,44,4,21.0,,,
2012-11-09,3910,3.4,2012,11,2012,45,4,-18.0,,,
2012-11-16,3873,3.54,2012,11,2012,46,4,-37.0,,,
2012-11-23,3876,3.61,2012,11,2012,47,4,3.0,,,
2012-11-30,3804,3.66,2012,11,2012,48,4,-72.0,,,
2012-12-07,3806,3.41,2012,12,2012,49,4,2.0,,,
2012-12-14,3724,3.3,2012,12,2012,50,4,-82.0,,,
2012-12-21,3653,3.3,2012,12,2012,51,4,-71.0,,,
2012-12-28,3517,3.34,2012,12,2012,52,4,-136.0,,,
2013-01-04,3316,3.28,2013,1,2013,1,1,-201.0,,,
2013-01-11,3167,3.18,2013,1,2013,2,1,-149.0,,,
2013-01-18,2996,3.44,2013,1,2013,3,1,-171.0,,,
2013-01-25,2802,3.54,2013,1,2013,4,1,-194.0,,,
2013-02-01,2684,3.26,2013,2,2013,5,1,-118.0,,,
2013-02-08,2526,3.33,2013,2,2013,6,1,-158.0,,,
2013-02-15,2400,3.26,2013,2,2013,7,1,-126.0,,,
2013-02-22,2229,3.28,2013,2,2013,8,1,-171.0,,,
2013-03-01,2082,3.48,2013,3,2013,9,1,-147.0,,,
2013-03-08,1938,3.57,2013,3,2013,10,1,-144.0,,,
2013-03-15,1876,3.74,2013,3,2013,11,1,-62.0,,,
2013-03-22,1781,3.99,2013,3,2013,12,1,-95.0,,,
2013-03-29,1687,4.05,2013,3,2013,13,1,-94.0,,,
2013-04-05,1674,3.99,2013,4,2013,14,2,-13.0,,,
2013-04-12,1705,4.13,2013,4,2013,15,2,31.0,,,
2013-04-19,1734,4.25,2013,4,2013,16,2,29.0,,,
2013-04-26,1776,4.24,2013,4,2013,17,2,42.0,,,
2013-05-03,1866,4.23,2013,5,2013,18,2,90.0,,,
2013-05-10,1964,3.89,2013,5,2013,19,2,98.0,,,
2013-05-17,2052,3.95,2013,5,2013,20,2,88.0,,,
2013-05-24,2142,4.14,2013,5,2013,21,2,90.0,,,
2013-05-31,2252,4.12,2013,5,2013,22,2,110.0,,,
2013-06-07,2347,3.94,2013,6,2013,23,2,95.0,,,
2013-06-14,2439,3.77,2013,6,2013,24,2,92.0,,,
2013-06-21,2533,3.87,2013,6,2013,25,2,94.0,,,
2013-06-28,2606,3.72,2013,6,2013,26,2,73.0,,,
2013-07-05,2687,3.54,2013,7,2013,27,3,81.0,,,
2013-07-12,2745,3.66,2013,7,2013,28,3,58.0,,,
2013-07-19,2786,3.69,2013,7,2013,29,3,41.0,,,
2013-07-26,2845,3.67,2013,7,2013,30,3,59.0,,,
2013-08-02,2940,3.45,2013,8,2013,31,3,95.0,,,
2013-08-09,3007,3.32,2013,8,2013,32,3,67.0,,,
2013-08-16,3063,3.35,2013,8,2013,33,3,56.0,,,
2013-08-23,3131,3.49,2013,8,2013,34,3,68.0,,,
2013-08-30,3189,3.55,2013,8,2013,35,3,58.0,,,
2013-09-06,3253,3.64,2013,9,2013,36,3,64.0,,,
2013-09-13,3299,3.61,2013,9,2013,37,3,46.0,,,
2013-09-20,3385,3.71,2013,9,2013,38,3,86.0,,,
2013-09-27,3487,3.55,2013,9,2013,39,3,102.0,,,
2013-10-04,3577,3.56,2013,10,2013,40,4,90.0,,,
2013-10-11,3655,3.7,2013,10,2013,41,4,78.0,,,
2013-10-18,3741,3.79,2013,10,2013,42,4,86.0,,,
2013-10-25,3779,3.69,2013,10,2013,43,4,38.0,,,
2013-11-01,3816,3.55,2013,11,2013,44,4,37.0,,,
2013-11-08,3834,3.47,2013,11,2013,45,4,18.0,,,
2013-11-15,3789,3.62,2013,11,2013,46,4,-45.0,,,
2013-11-22,3775,3.68,2013,11,2013,47,4,-14.0,,,
2013-11-29,3613,3.87,2013,11,2013,48,4,-162.0,,,
2013-12-06,3533,3.94,2013,12,2013,49,4,-80.0,,,
2013-12-13,3248,4.31,2013,12,2013,50,4,-285.0,,,
2013-12-20,3071,4.25,2013,12,2013,51,4,-177.0,,,
2013-12-27,2975,4.45,2013,12,2013,52,4,-96.0,,,
2014-01-03,2817,4.36,2014,1,2014,1,1,-158.0,,,
2014-01-10,2529,4.31,2014,1,2014,2,1,-288.0,,,
2014-01-17,2424,4.39,2014,1,2014,3,1,-105.0,,,
2014-01-24,2184,5.08,2014,1,2014,4,1,-240.0,,,
2014-01-31,1924,5.29,2014,1,2014,5,1,-260.0,,,
2014-02-07,1693,6.35,2014,2,2014,6,1,-231.0,,,
2014-02-14,1444,6.55,2014,2,2014,7,1,-249.0,,,
2014-02-21,1348,6.0,2014,2,2014,8,1,-96.0,,,
2014-02-28,1196,5.1,2014,2,2014,9,1,-152.0,,,
2014-03-07,1002,6.24,2014,3,2014,10,1,-194.0,,,
2014-03-14,953,4.58,2014,3,2014,11,1,-49.0,,,
2014-03-21,895,4.43,2014,3,2014,12,1,-58.0,,,
2014-03-28,824,4.46,2014,3,2014,13,1,-71.0,,,
2014-04-04,827,4.45,2014,4,2014,14,2,3.0,,,
2014-04-11,850,4.63,2014,4,2014,15,2,23.0,,,
2014-04-18,899,4.65,2014,4,2014,16,2,49.0,,,
2014-04-25,981,4.8,2014,4,2014,17,2,82.0,,,
2014-05-02,1055,4.76,2014,5,2014,18,2,74.0,,,
2014-05-09,1160,4.74,2014,5,2014,19,2,105.0,,,
2014-05-16,1267,4.46,2014,5,2014,20,2,107.0,,,
2014-05-23,1380,4.52,2014,5,2014,21,2,113.0,,,
2014-05-30,1499,4.52,2014,5,2014,22,2,119.0,,,
2014-06-06,1607,4.61,2014,6,2014,23,2,108.0,,,
2014-06-13,1719,4.61,2014,6,2014,24,2,112.0,,,
2014-06-20,1829,4.66,2014,6,2014,25,2,110.0,,,
2014-06-27,1928,4.52,2014,6,2014,26,2,99.0,,,
2014-07-04,2023,4.41,2014,7,2014,27,3,95.0,,,
2014-07-11,2128,4.19,2014,7,2014,28,3,105.0,,,
2014-07-18,2219,4.11,2014,7,2014,29,3,91.0,,,
2014-07-25,2307,3.84,2014,7,2014,30,3,88.0,,,
2014-08-01,2388,3.79,2014,8,2014,31,3,81.0,,,
2014-08-08,2467,3.92,2014,8,2014,32,3,79.0,,,
2014-08-15,2555,3.9,2014,8,2014,33,3,88.0,,,
2014-08-22,2631,3.85,2014,8,2014,34,3,76.0,,,
2014-08-29,2709,4.01,2014,8,2014,35,3,78.0,,,
2014-09-05,2801,3.93,2014,9,2014,36,3,92.0,,,
2014-09-12,2890,3.91,2014,9,2014,37,3,89.0,,,
2014-09-19,2988,3.95,2014,9,2014,38,3,98.0,,,
2014-09-26,3099,3.88,2014,9,2014,39,3,111.0,,,
2014-10-03,3205,4.02,2014,10,2014,40,4,106.0,,,
2014-10-10,3298,3.87,2014,10,2014,41,4,93.0,,,
2014-10-17,3393,3.82,2014,10,2014,42,4,95.0,,,
2014-10-24,3480,3.63,2014,10,2014,43,4,87.0,,,
2014-10-31,3571,3.65,2014,10,2014,44,4,91.0,,,
2014-11-07,3611,3.83,2014,11,2014,45,4,40.0,,,
2014-11-14,3594,4.16,2014,11,2014,46,4,-17.0,,,
2014-11-21,3432,4.34,2014,11,2014,47,4,-162.0,,,
2014-11-28,3410,4.16,2014,11,2014,48,4,-22.0,,,
2014-12-05,3359,3.75,2014,12,2014,49,4,-51.0,,,
2014-12-12,3296,3.66,2014,12,2014,50,4,-63.0,,,
2014-12-19,3246,3.69,2014,12,2014,51,4,-50.0,,,
2014-12-26,3220,2.94,2014,12,2014,52,4,-26.0,,,
2015-01-02,3089,3.09,2015,1,2015,1,1,-131.0,,,
2015-01-09,2854,3.03,2015,1,2015,2,1,-235.0,,,
2015-01-16,2637,3.08,2015,1,2015,3,1,-217.0,,,
2015-01-23,2543,2.95,2015,1,2015,4,1,-94.0,,,
2015-01-30,2428,2.91,2015,1,2015,5,1,-115.0,,,
2015-02-06,2268,2.72,2015,2,2015,6,1,-160.0,,,
2015-02-13,2158,2.75,2015,2,2015,7,1,-110.0,,,
2015-02-20,1938,2.9,2015,2,2015,8,1,-220.0,,,
2015-02-27,1709,3.13,2015,2,2015,9,1,-229.0,,,
2015-03-06,1511,3.04,2015,3,2015,10,1,-198.0,,,
2015-03-13,1468,2.76,2015,3,2015,11,1,-43.0,,,
2015-03-20,1479,2.8,2015,3,2015,12,1,11.0,,,
2015-03-27,1461,2.79,2015,3,2015,13,1,-18.0,,,
2015-04-03,1476,2.64,2015,4,2015,14,2,15.0,,,
2015-04-10,1539,2.67,2015,4,2015,15,2,63.0,,,
2015-04-17,1628,2.61,2015,4,2015,16,2,89.0,,,
2015-04-24,1711,2.6,2015,4,2015,17,2,83.0,,,
2015-05-01,1785,2.57,2015,5,2015,18,2,74.0,,,
2015-05-08,1897,2.75,2015,5,2015,19,2,112.0,,,
2015-05-15,1989,2.88,2015,5,2015,20,2,92.0,,,
2015-05-22,2101,2.99,2015,5,2015,21,2,112.0,,,
2015-05-29,2233,2.8,2015,5,2015,22,2,132.0,,,
2015-06-05,2344,2.65,2015,6,2015,23,2,111.0,,,
2015-06-12,2433,2.78,2015,6,2015,24,2,89.0,,,
2015-06-19,2506,2.9,2015,6,2015,25,2,73.0,,,
2015-06-26,2579,2.8,2015,6,2015,26,2,73.0,,,
2015-07-03,2666,2.79,2015,7,2015,27,3,87.0,,,
2015-07-10,2764,2.75,2015,7,2015,28,3,98.0,,,
2015-07-17,2823,2.89,2015,7,2015,29,3,59.0,,,
2015-07-24,2872,2.88,2015,7,2015,30,3,49.0,,,
2015-07-31,2910,2.87,2015,7,2015,31,3,38.0,,,
2015-08-07,2975,2.8,2015,8,2015,32,3,65.0,,,
2015-08-14,3027,2.88,2015,8,2015,33,3,52.0,,,
2015-08-21,3094,2.75,2015,8,2015,34,3,67.0,,,
2015-08-28,3190,2.69,2015,8,2015,35,3,96.0,,,
2015-09-04,3262,2.69,2015,9,2015,36,3,72.0,,,
2015-09-11,3336,2.7,2015,9,2015,37,3,74.0,,,
2015-09-18,3441,2.7,2015,9,2015,38,3,105.0,,,
2015-09-25,3537,2.61,2015,9,2015,39,3,96.0,,,
2015-10-02,3634,2.49,2015,10,2015,40,4,97.0,,,
2015-10-09,3731,2.38,2015,10,2015,41,4,97.0,,,
2015-10-16,3813,2.48,2015,10,2015,42,4,82.0,,,
2015-10-23,3875,2.38,2015,10,2015,43,4,62.0,,,
2015-10-30,3931,2.12,2015,10,2015,44,4,56.0,,,
2015-11-06,3985,2.02,2015,11,2015,45,4,54.0,,,
2015-11-13,4000,2.11,2015,11,2015,46,4,15.0,,,
2015-11-20,4009,2.09,2015,11,2015,47,4,9.0,,,
2015-11-27,3956,2.15,2015,11,2015,48,4,-53.0,,,
2015-12-04,3880,2.13,2015,12,2015,49,4,-76.0,,,
2015-12-11,3846,1.96,2015,12,2015,50,4,-34.0,,,
2015-12-18,3814,1.72,2015,12,2015,51,4,-32.0,,,
2015-12-25,3756,1.68,2015,12,2015,52,4,-58.0,,,
2016-01-01,3643,2.27,2016,1,2015,53,1,-113.0,,,
2016-01-08,3475,2.38,2016,1,2016,1,1,-168.0,,,
2016-01-15,3297,2.32,2016,1,2016,2,1,-178.0,,,
2016-01-22,3086,2.2,2016,1,2016,3,1,-211.0,,,
2016-01-29,2934,2.22,2016,1,2016,4,1,-152.0,,,
2016-02-05,2864,2.11,2016,2,2016,5,1,-70.0,,,
2016-02-12,2701,2.16,2016,2,2016,6,1,-163.0,,,
2016-02-19,2584,1.94,2016,2,2016,7,1,-117.0,,,
2016-02-26,2536,1.82,2016,2,2016,8,1,-48.0,,,
2016-03-04,2479,1.57,2016,3,2016,9,1,-57.0,,,
2016-03-11,2478,1.64,2016,3,2016,10,1,-1.0,,,
2016-03-18,2493,1.79,2016,3,2016,11,1,15.0,,,
2016-03-25,2468,1.79,2016,3,2016,12,1,-25.0,,,
2016-04-01,2480,1.86,2016,4,2016,13,2,12.0,,,
2016-04-08,2477,1.96,2016,4,2016,14,2,-3.0,,,
2016-04-15,2484,1.9,2016,4,2016,15,2,7.0,,,
2016-04-22,2557,1.91,2016,4,2016,16,2,73.0,,,
2016-04-29,2625,1.92,2016,4,2016,17,2,68.0,,,
2016-05-06,2681,1.96,2016,5,2016,18,2,56.0,,,
2016-05-13,2754,2.0,2016,5,2016,19,2,73.0,,,
2016-05-20,2825,1.89,2016,5,2016,20,2,71.0,,,
2016-05-27,2907,1.84,2016,5,2016,21,2,82.0,,,
2016-06-03,2972,2.15,2016,6,2016,22,2,65.0,,,
2016-06-10,3041,2.36,2016,6,2016,23,2,69.0,,,
2016-06-17,3103,2.59,2016,6,2016,24,2,62.0,,,
2016-06-24,3140,2.75,2016,6,2016,25,2,37.0,,,
2016-07-01,3179,2.89,2016,7,2016,26,3,39.0,,,
2016-07-08,3243,2.82,2016,7,2016,27,3,64.0,,,
2016-07-15,3277,2.81,2016,7,2016,28,3,34.0,,,
2016-07-22,3294,2.79,2016,7,2016,29,3,17.0,,,
2016-07-29,3288,2.85,2016,7,2016,30,3,-6.0,,,
2016-08-05,3317,2.88,2016,8,2016,31,3,29.0,,,
2016-08-12,3339,2.77,2016,8,2016,32,3,22.0,,,
2016-08-19,3350,2.73,2016,8,2016,33,3,11.0,,,
2016-08-26,3401,2.82,2016,8,2016,34,3,51.0,,,
2016-09-02,3437,2.94,2016,9,2016,35,3,36.0,,,
2016-09-09,3499,2.87,2016,9,2016,36,3,62.0,,,
2016-09-16,3551,3.02,2016,9,2016,37,3,52.0,,,
2016-09-23,3600,3.11,2016,9,2016,38,3,49.0,,,
2016-09-30,3680,3.01,2016,9,2016,39,3,80.0,,,
2016-10-07,3759,2.91,2016,10,2016,40,4,79.0,,,
2016-10-14,3836,3.17,2016,10,2016,41,4,77.0,,,
2016-10-21,3909,3.14,2016,10,2016,42,4,73.0,,,
2016-10-28,3963,2.72,2016,10,2016,43,4,54.0,,,
2016-11-04,4017,2.5,2016,11,2016,44,4,54.0,,,
2016-11-11,4047,2.22,2016,11,2016,45,4,30.0,,,
2016-11-18,4045,2.44,2016,11,2016,46,4,-2.0,,,
2016-11-25,3995,2.76,2016,11,2016,47,4,-50.0,,,
2016-12-02,3953,3.21,2016,12,2016,48,4,-42.0,,,
2016-12-09,3806,3.69,2016,12,2016,49,4,-147.0,,,
2016-12-16,3597,3.57,2016,12,2016,50,4,-209.0,,,
2016-12-23,3360,3.51,2016,12,2016,51,4,-237.0,,,
2016-12-30,3311,3.69,2016,12,2016,52,4,-49.0,,,
2017-01-06,3160,3.47,2017,1,2017,1,1,-151.0,,,
2017-01-13,2917,3.27,2017,1,2017,2,1,-243.0,,,
2017-01-20,2798,3.29,2017,1,2017,3,1,-119.0,,,
2017-01-27,2711,3.27,2017,1,2017,4,1,-87.0,,,
2017-02-03,2559,3.12,2017,2,2017,5,1,-152.0,,,
2017-02-10,2445,3.04,2017,2,2017,6,1,-114.0,,,
2017-02-17,2356,2.87,2017,2,2017,7,1,-89.0,,,
2017-02-24,2363,2.62,2017,2,2017,8,1,7.0,,,
2017-03-03,2295,2.52,2017,3,2017,9,1,-68.0,,,
2017-03-10,2242,2.75,2017,3,2017,10,1,-53.0,,,
2017-03-17,2092,2.96,2017,3,2017,11,1,-150.0,,,
2017-03-24,2049,2.99,2017,3,2017,12,1,-43.0,,,
2017-03-31,2051,3.03,2017,3,2017,13,1,2.0,,,
2017-04-07,2061,3.18,2017,4,2017,14,2,10.0,,,
2017-04-14,2115,3.05,2017,4,2017,15,2,54.0,,,
2017-04-21,2189,3.1,2017,4,2017,16,2,74.0,,,
2017-04-28,2256,3.09,2017,4,2017,17,2,67.0,,,
2017-05-05,2301,3.14,2017,5,2017,18,2,45.0,,,
2017-05-12,2369,3.12,2017,5,2017,19,2,68.0,,,
2017-05-19,2444,3.21,2017,5,2017,20,2,75.0,,,
2017-05-26,2525,3.18,2017,5,2017,21,2,81.0,,,
2017-06-02,2631,3.03,2017,6,2017,22,2,106.0,,,
2017-06-09,2709,2.98,2017,6,2017,23,2,78.0,,,
2017-06-16,2770,3.03,2017,6,2017,24,2,61.0,,,
2017-06-23,2816,2.89,2017,6,2017,25,2,46.0,,,
2017-06-30,2878,3.01,2017,6,2017,26,2,62.0,,,
2017-07-07,2936,2.95,2017,7,2017,27,3,58.0,,,
2017-07-14,2963,2.96,2017,7,2017,28,3,27.0,,,
2017-07-21,2980,3.09,2017,7,2017,29,3,17.0,,,
2017-07-28,2999,2.96,2017,7,2017,30,3,19.0,,,
2017-08-04,3029,2.8,2017,8,2017,31,3,30.0,,,
2017-08-11,3082,2.85,2017,8,2017,32,3,53.0,,,
2017-08-18,3125,2.95,2017,8,2017,33,3,43.0,,,
2017-08-25,3155,2.97,2017,8,2017,34,3,30.0,,,
2017-09-01,3220,2.93,2017,9,2017,35,3,65.0,,,
2017-09-08,3311,2.91,2017,9,2017,36,3,91.0,,,
2017-09-15,3408,2.96,2017,9,2017,37,3,97.0,,,
2017-09-22,3466,3.09,2017,9,2017,38,3,58.0,,,
2017-09-29,3508,2.96,2017,9,2017,39,3,42.0,,,
2017-10-06,3595,2.84,2017,10,2017,40,4,87.0,,,
2017-10-13,3645,2.92,2017,10,2017,41,4,50.0,,,
2017-10-20,3710,2.84,2017,10,2017,42,4,65.0,,,
2017-10-27,3775,2.91,2017,10,2017,43,4,65.0,,,
2017-11-03,3790,2.78,2017,11,2017,44,4,15.0,,,
2017-11-10,3772,3.12,2017,11,2017,45,4,-18.0,,,
2017-11-17,3726,3.1,2017,11,2017,46,4,-46.0,,,
2017-11-24,3693,3.05,2017,11,2017,47,4,-33.0,,,
2017-12-01,3695,2.94,2017,12,2017,48,4,2.0,,,
2017-12-08,3626,2.84,2017,12,2017,49,4,-69.0,,,
2017-12-15,3444,2.77,2017,12,2017,50,4,-182.0,,,
2017-12-22,3332,2.69,2017,12,2017,51,4,-112.0,,,
2017-12-29,3126,3.03,2017,12,2017,52,4,-206.0,,,
2018-01-05,2767,5.71,2018,1,2018,1,1,-359.0,,,
2018-01-12,2584,3.24,2018,1,2018,2,1,-183.0,,,
2018-01-19,2296,4.12,2018,1,2018,3,1,-288.0,,,
2018-01-26,2197,3.43,2018,1,2018,4,1,-99.0,,,
2018-02-02,2078,3.3,2018,2,2018,5,1,-119.0,,,
2018-02-09,1884,2.75,2018,2,2018,6,1,-194.0,,,
2018-02-16,1760,2.54,2018,2,2018,7,1,-124.0,,,
2018-02-23,1682,2.62,2018,2,2018,8,1,-78.0,,,
2018-03-02,1625,2.64,2018,3,2018,9,1,-57.0,,,
2018-03-09,1532,2.74,2018,3,2018,10,1,-93.0,,,
2018-03-16,1446,2.71,2018,3,2018,11,1,-86.0,,,
2018-03-23,1383,2.66,2018,3,2018,12,1,-63.0,,,
2018-03-30,1354,2.67,2018,3,2018,13,1,-29.0,,,
2018-04-06,1335,2.79,2018,4,2018,14,2,-19.0,,,
2018-04-13,1299,2.78,2018,4,2018,15,2,-36.0,,,
2018-04-20,1281,2.83,2018,4,2018,16,2,-18.0,,,
2018-04-27,1343,2.8,2018,4,2018,17,2,62.0,,,
2018-05-04,1432,2.75,2018,5,2018,18,2,89.0,,,
2018-05-11,1538,2.76,2018,5,2018,19,2,106.0,,,
2018-05-18,1629,2.8,2018,5,2018,20,2,91.0,,,
2018-05-25,1725,2.83,2018,5,2018,21,2,96.0,,,
2018-06-01,1817,2.88,2018,6,2018,22,2,92.0,,,
2018-06-08,1913,2.92,2018,6,2018,23,2,96.0,,,
2018-06-15,2008,2.99,2018,6,2018,24,2,95.0,,,
2018-06-22,2074,2.99,2018,6,2018,25,2,66.0,,,
2018-06-29,2152,2.98,2018,6,2018,26,2,78.0,,,
2018-07-06,2203,2.91,2018,7,2018,27,3,51.0,,,
2018-07-13,2248,2.89,2018,7,2018,28,3,45.0,,,
2018-07-20,2272,2.78,2018,7,2018,29,3,24.0,,,
2018-07-27,2305,2.79,2018,7,2018,30,3,33.0,,,
2018-08-03,2353,2.8,2018,8,2018,31,3,48.0,,,
2018-08-10,2386,2.96,2018,8,2018,32,3,33.0,,,
2018-08-17,2435,3.0,2018,8,2018,33,3,49.0,,,
2018-08-24,2504,3.01,2018,8,2018,34,3,69.0,,,
2018-08-31,2567,2.97,2018,8,2018,35,3,63.0,,,
2018-09-07,2636,2.94,2018,9,2018,36,3,69.0,,,
2018-09-14,2722,2.93,2018,9,2018,37,3,86.0,,,
2018-09-21,2768,3.03,2018,9,2018,38,3,46.0,,,
2018-09-28,2866,3.06,2018,9,2018,39,3,98.0,,,
2018-10-05,2956,3.23,2018,10,2018,40,4,90.0,,,
2018-10-12,3037,3.3,2018,10,2018,41,4,81.0,,,
2018-10-19,3095,3.26,2018,10,2018,42,4,58.0,,,
2018-10-26,3143,3.32,2018,10,2018,43,4,48.0,,,
2018-11-02,3208,3.28,2018,11,2018,44,4,65.0,,,
2018-11-09,3247,3.58,2018,11,2018,45,4,39.0,,,
2018-11-16,3113,4.23,2018,11,2018,46,4,-134.0,,,
2018-11-23,3054,4.67,2018,11,2018,47,4,-59.0,,,
2018-11-30,2991,4.43,2018,11,2018,48,4,-63.0,,,
2018-12-07,2914,4.49,2018,12,2018,49,4,-77.0,,,
2018-12-14,2773,4.38,2018,12,2018,50,4,-141.0,,,
2018-12-21,2725,3.73,2018,12,2018,51,4,-48.0,,,
2018-12-28,2705,3.26,2018,12,2018,52,4,-20.0,,,
2019-01-04,2614,2.92,2019,1,2019,1,1,-91.0,,,
2019-01-11,2533,2.89,2019,1,2019,2,1,-81.0,,,
2019-01-18,2370,3.5,2019,1,2019,3,1,-163.0,,,
2019-01-25,2197,3.19,2019,1,2019,4,1,-173.0,,,
2019-02-01,1960,2.9,2019,2,2019,5,1,-237.0,,,
2019-02-08,1882,2.59,2019,2,2019,6,1,-78.0,,,
2019-02-15,1705,2.65,2019,2,2019,7,1,-177.0,,,
2019-02-22,1539,2.71,2019,2,2019,8,1,-166.0,,,
2019-03-01,1390,2.91,2019,3,2019,9,1,-149.0,,,
2019-03-08,1190,3.28,2019,3,2019,10,1,-200.0,,,
2019-03-15,1143,2.89,2019,3,2019,11,1,-47.0,,,
2019-03-22,1107,2.86,2019,3,2019,12,1,-36.0,,,
2019-03-29,1130,2.71,2019,3,2019,13,1,23.0,,,
2019-04-05,1155,2.7,2019,4,2019,14,2,25.0,,,
2019-04-12,1247,2.72,2019,4,2019,15,2,92.0,,,
2019-04-19,1339,2.62,2019,4,2019,16,2,92.0,,,
2019-04-26,1462,2.56,2019,4,2019,17,2,123.0,,,
2019-05-03,1547,2.59,2019,5,2019,18,2,85.0,,,
2019-05-10,1653,2.6,2019,5,2019,19,2,106.0,,,
2019-05-17,1753,2.67,2019,5,2019,20,2,100.0,,,
2019-05-24,1867,2.66,2019,5,2019,21,2,114.0,,,
2019-05-31,1986,2.66,2019,5,2019,22,2,119.0,,,
2019-06-07,2088,2.45,2019,6,2019,23,2,102.0,,,
2019-06-14,2203,2.41,2019,6,2019,24,2,115.0,,,
2019-06-21,2301,2.4,2019,6,2019,25,2,98.0,,,
2019-06-28,2390,2.34,2019,6,2019,26,2,89.0,,,
2019-07-05,2471,2.31,2019,7,2019,27,3,81.0,,,
2019-07-12,2533,2.47,2019,7,2019,28,3,62.0,,,
2019-07-19,2569,2.44,2019,7,2019,29,3,36.0,,,
2019-07-26,2634,2.3,2019,7,2019,30,3,65.0,,,
2019-08-02,2689,2.24,2019,8,2019,31,3,55.0,,,
2019-08-09,2738,2.11,2019,8,2019,32,3,49.0,,,
2019-08-16,2797,2.21,2019,8,2019,33,3,59.0,,,
2019-08-23,2857,2.27,2019,8,2019,34,3,60.0,,,
2019-08-30,2941,2.28,2019,8,2019,35,3,84.0,,,
2019-09-06,3019,2.46,2019,9,2019,36,3,78.0,,,
2019-09-13,3103,2.64,2019,9,2019,37,3,84.0,,,
2019-09-20,3205,2.63,2019,9,2019,38,3,102.0,,,
2019-09-27,3317,2.52,2019,9,2019,39,3,112.0,,,
2019-10-04,3415,2.33,2019,10,2019,40,4,98.0,,,
2019-10-11,3519,2.26,2019,10,2019,41,4,104.0,,,
2019-10-18,3606,2.25,2019,10,2019,42,4,87.0,,,
2019-10-25,3695,2.25,2019,10,2019,43,4,89.0,,,
2019-11-01,3729,2.62,2019,11,2019,44,4,34.0,,,
2019-11-08,3732,2.82,2019,11,2019,45,4,3.0,,,
2019-11-15,3638,2.73,2019,11,2019,46,4,-94.0,,,
2019-11-22,3610,2.58,2019,11,2019,47,4,-28.0,,,
2019-11-29,3591,2.49,2019,11,2019,48,4,-19.0,,,
2019-12-06,3518,2.38,2019,12,2019,49,4,-73.0,,,
2019-12-13,3411,2.24,2019,12,2019,50,4,-107.0,,,
2019-12-20,3250,2.28,2019,12,2019,51,4,-161.0,,,
2019-12-27,3192,2.03,2019,12,2019,52,4,-58.0,,,
2020-01-03,3148,2.06,2020,1,2020,1,1,-44.0,,,
2020-01-10,3039,2.1,2020,1,2020,2,1,-109.0,,,
2020-01-17,2947,2.06,2020,1,2020,3,1,-92.0,,,
2020-01-24,2746,1.93,2020,1,2020,4,1,-201.0,,,
2020-01-31,2609,1.95,2020,1,2020,5,1,-137.0,,,
2020-02-07,2494,1.89,2020,2,2020,6,1,-115.0,,,
2020-02-14,2343,1.9,2020,2,2020,7,1,-151.0,,,
2020-02-21,2200,2.0,2020,2,2020,8,1,-143.0,,,
2020-02-28,2091,1.88,2020,2,2020,9,1,-109.0,,,
2020-03-06,2043,1.8,2020,3,2020,10,1,-48.0,,,
2020-03-13,2034,1.87,2020,3,2020,11,1,-9.0,,,
2020-03-20,2005,1.79,2020,3,2020,12,1,-29.0,,,
2020-03-27,1986,1.73,2020,3,2020,13,1,-19.0,,,
2020-04-03,2024,1.62,2020,4,2020,14,2,38.0,,,
2020-04-10,2097,1.77,2020,4,2020,15,2,73.0,,,
2020-04-17,2140,1.72,2020,4,2020,16,2,43.0,,,
2020-04-24,2210,1.85,2020,4,2020,17,2,70.0,,,
2020-05-01,2319,1.71,2020,5,2020,18,2,109.0,,,
2020-05-08,2422,1.84,2020,5,2020,19,2,103.0,,,
2020-05-15,2503,1.63,2020,5,2020,20,2,81.0,,,
2020-05-22,2612,1.78,2020,5,2020,21,2,109.0,,,
2020-05-29,2714,1.76,2020,5,2020,22,2,102.0,,,
2020-06-05,2807,1.7,2020,6,2020,23,2,93.0,,,
2020-06-12,2892,1.7,2020,6,2020,24,2,85.0,,,
2020-06-19,3012,1.52,2020,6,2020,25,2,120.0,,,
2020-06-26,3077,1.57,2020,6,2020,26,2,65.0,,,
2020-07-03,3133,1.67,2020,7,2020,27,3,56.0,,,
2020-07-10,3178,1.78,2020,7,2020,28,3,45.0,,,
2020-07-17,3215,1.77,2020,7,2020,29,3,37.0,,,
2020-07-24,3241,1.72,2020,7,2020,30,3,26.0,,,
2020-07-31,3274,1.82,2020,7,2020,31,3,33.0,,,
2020-08-07,3332,2.13,2020,8,2020,32,3,58.0,,,
2020-08-14,3375,2.17,2020,8,2020,33,3,43.0,,,
2020-08-21,3420,2.39,2020,8,2020,34,3,45.0,,,
2020-08-28,3455,2.52,2020,8,2020,35,3,35.0,,,
2020-09-04,3525,2.16,2020,9,2020,36,3,70.0,,,
2020-09-11,3614,2.16,2020,9,2020,37,3,89.0,,,
2020-09-18,3680,1.93,2020,9,2020,38,3,66.0,,,
2020-09-25,3756,1.68,2020,9,2020,39,3,76.0,,,
2020-10-02,3831,1.65,2020,10,2020,40,4,75.0,,,
2020-10-09,3877,1.91,2020,10,2020,41,4,46.0,,,
2020-10-16,3926,2.17,2020,10,2020,42,4,49.0,,,
2020-10-23,3955,2.74,2020,10,2020,43,4,29.0,,,
2020-10-30,3919,3.09,2020,10,2020,44,4,-36.0,,,
2020-11-06,3927,2.78,2020,11,2020,45,4,8.0,,,
2020-11-13,3958,2.75,2020,11,2020,46,4,31.0,,,
2020-11-20,3940,2.39,2020,11,2020,47,4,-18.0,,,
2020-11-27,3939,2.39,2020,11,2020,48,4,-1.0,,,
2020-12-04,3848,2.69,2020,12,2020,49,4,-91.0,,,
2020-12-11,3726,2.44,2020,12,2020,50,4,-122.0,,,
2020-12-18,3574,2.7,2020,12,2020,51,4,-152.0,,,
2020-12-25,3460,2.72,2020,12,2020,52,4,-114.0,,,
2021-01-01,3330,2.38,2021,1,2020,53,1,-130.0,,,
2021-01-08,3196,2.74,2021,1,2021,1,1,-134.0,,,
2021-01-15,3009,2.82,2021,1,2021,2,1,-187.0,,,
2021-01-22,2881,2.54,2021,1,2021,3,1,-128.0,,,
2021-01-29,2689,2.71,2021,1,2021,4,1,-192.0,,,
2021-02-05,2518,3.12,2021,2,2021,5,1,-171.0,,,
2021-02-12,2281,4.63,2021,2,2021,6,1,-237.0,,,
2021-02-19,1943,12.18,2021,2,2021,7,1,-338.0,,,
2021-02-26,1845,2.86,2021,2,2021,8,1,-98.0,,,
2021-03-05,1793,2.79,2021,3,2021,9,1,-52.0,,,
2021-03-12,1782,2.65,2021,3,2021,10,1,-11.0,,,
2021-03-19,1750,2.53,2021,3,2021,11,1,-32.0,,,
2021-03-26,1764,2.54,2021,3,2021,12,1,14.0,,,
2021-04-02,1784,2.54,2021,4,2021,13,2,20.0,,,
2021-04-09,1845,2.45,2021,4,2021,14,2,61.0,,,
2021-04-16,1883,2.59,2021,4,2021,15,2,38.0,,,
2021-04-23,1898,2.76,2021,4,2021,16,2,15.0,,,
2021-04-30,1958,2.88,2021,4,2021,17,2,60.0,,,
2021-05-07,2029,2.95,2021,5,2021,18,2,71.0,,,
2021-05-14,2100,2.93,2021,5,2021,19,2,71.0,,,
2021-05-21,2215,2.91,2021,5,2021,20,2,115.0,,,
2021-05-28,2313,2.86,2021,5,2021,21,2,98.0,,,
2021-06-04,2411,3.03,2021,6,2021,22,2,98.0,,,
2021-06-11,2427,3.12,2021,6,2021,23,2,16.0,,,
2021-06-18,2482,3.28,2021,6,2021,24,2,55.0,,,
2021-06-25,2558,3.28,2021,6,2021,25,2,76.0,,,
2021-07-02,2574,3.72,2021,7,2021,26,3,16.0,,,
2021-07-09,2629,3.65,2021,7,2021,27,3,55.0,,,
2021-07-16,2678,3.73,2021,7,2021,28,3,49.0,,,
2021-07-23,2714,3.93,2021,7,2021,29,3,36.0,,,
2021-07-30,2727,4.06,2021,7,2021,30,3,13.0,,,
2021-08-06,2776,4.15,2021,8,2021,31,3,49.0,,,
2021-08-13,2822,4.1,2021,8,2021,32,3,46.0,,,
2021-08-20,2851,3.9,2021,8,2021,33,3,29.0,,,
2021-08-27,2871,4.07,2021,8,2021,34,3,20.0,,,
2021-09-03,2923,4.49,2021,9,2021,35,3,52.0,,,
2021-09-10,3006,4.87,2021,9,2021,36,3,83.0,,,
2021-09-17,3082,5.42,2021,9,2021,37,3,76.0,,,
2021-09-24,3170,5.03,2021,9,2021,38,3,88.0,,,
2021-10-01,3288,5.68,2021,10,2021,39,4,118.0,,,
2021-10-08,3369,5.87,2021,10,2021,40,4,81.0,,,
2021-10-15,3461,5.54,2021,10,2021,41,4,92.0,,,
2021-10-22,3548,4.95,2021,10,2021,42,4,87.0,,,
2021-10-29,3611,5.68,2021,10,2021,43,4,63.0,,,
2021-11-05,3618,5.48,2021,11,2021,44,4,7.0,,,
2021-11-12,3644,4.99,2021,11,2021,45,4,26.0,,,
2021-11-19,3623,4.91,2021,11,2021,46,4,-21.0,,,
2021-11-26,3564,4.9,2021,11,2021,47,4,-59.0,,,
2021-12-03,3505,4.32,2021,12,2021,48,4,-59.0,,,
2021-12-10,3417,3.68,2021,12,2021,49,4,-88.0,,,
2021-12-17,3362,3.78,2021,12,2021,50,4,-55.0,,,
2021-12-24,3226,3.85,2021,12,2021,51,4,-136.0,,,
2021-12-31,3195,3.57,2021,12,2021,52,4,-31.0,,,
2022-01-07,3016,3.8,2022,1,2022,1,1,-179.0,,,
2022-01-14,2810,4.42,2022,1,2022,2,1,-206.0,,,
2022-01-21,2591,4.5,2022,1,2022,3,1,-219.0,,,
2022-01-28,2323,4.6,2022,1,2022,4,1,-268.0,,,
2022-02-04,2101,5.78,2022,2,2022,5,1,-222.0,,,
2022-02-11,1911,4.19,2022,2,2022,6,1,-190.0,,,
2022-02-18,1782,4.39,2022,2,2022,7,1,-129.0,,,
2022-02-25,1643,4.62,2022,2,2022,8,1,-139.0,,,
2022-03-04,1519,4.57,2022,3,2022,9,1,-124.0,,,
2022-03-11,1440,4.7,2022,3,2022,10,1,-79.0,,,
2022-03-18,1389,4.68,2022,3,2022,11,1,-51.0,,,
2022-03-25,1415,5.14,2022,3,2022,12,1,26.0,,,
2022-04-01,1382,5.41,2022,4,2022,13,2,-33.0,,,
2022-04-08,1397,6.08,2022,4,2022,14,2,15.0,,,
2022-04-15,1450,6.64,2022,4,2022,15,2,53.0,,,
2022-04-22,1490,7.1,2022,4,2022,16,2,40.0,,,
2022-04-29,1567,6.81,2022,4,2022,17,2,77.0,,,
2022-05-06,1643,8.04,2022,5,2022,18,2,76.0,,,
2022-05-13,1732,7.47,2022,5,2022,19,2,89.0,,,
2022-05-20,1819,8.21,2022,5,2022,20,2,87.0,,,
2022-05-27,1901,8.79,2022,5,2022,21,2,82.0,,,
2022-06-03,2003,8.54,2022,6,2022,22,2,102.0,,,
2022-06-10,2095,8.95,2022,6,2022,23,2,92.0,,,
2022-06-17,2169,7.93,2022,6,2022,24,2,74.0,,,
2022-06-24,2251,6.43,2022,6,2022,25,2,82.0,,,
2022-07-01,2311,6.35,2022,7,2022,26,3,60.0,,,
2022-07-08,2369,5.9,2022,7,2022,27,3,58.0,,,
2022-07-15,2401,6.76,2022,7,2022,28,3,32.0,,,
2022-07-22,2416,7.76,2022,7,2022,29,3,15.0,,,
2022-07-29,2457,8.74,2022,7,2022,30,3,41.0,,,
2022-08-05,2501,8.14,2022,8,2022,31,3,44.0,,,
2022-08-12,2519,8.15,2022,8,2022,32,3,18.0,,,
2022-08-19,2579,9.19,2022,8,2022,33,3,60.0,,,
2022-08-26,2640,9.56,2022,8,2022,34,3,61.0,,,
2022-09-02,2694,9.17,2022,9,2022,35,3,54.0,,,
2022-09-09,2771,8.3,2022,9,2022,36,3,77.0,,,
2022-09-16,2874,8.42,2022,9,2022,37,3,103.0,,,
2022-09-23,2977,7.69,2022,9,2022,38,3,103.0,,,
2022-09-30,3106,6.63,2022,9,2022,39,3,129.0,,,
2022-10-07,3231,6.01,2022,10,2022,40,4,125.0,,,
2022-10-14,3342,6.29,2022,10,2022,41,4,111.0,,,
2022-10-21,3394,5.48,2022,10,2022,42,4,52.0,,,
2022-10-28,3501,5.12,2022,10,2022,43,4,107.0,,,
2022-11-04,3580,4.57,2022,11,2022,44,4,79.0,,,
2022-11-11,3644,4.34,2022,11,2022,45,4,64.0,,,
2022-11-18,3564,6.06,2022,11,2022,46,4,-80.0,,,
2022-11-25,3483,6.41,2022,11,2022,47,4,-81.0,,,
2022-12-02,3462,6.06,2022,12,2022,48,4,-21.0,,,
2022-12-09,3412,4.6,2022,12,2022,49,4,-50.0,,,
2022-12-16,3325,6.78,2022,12,2022,50,4,-87.0,,,
2022-12-23,3112,6.35,2022,12,2022,51,4,-213.0,,,
2022-12-30,2891,4.06,2022,12,2022,52,4,-221.0,,,
2023-01-06,2902,3.65,2023,1,2023,1,1,11.0,,,
2023-01-13,2820,3.46,2023,1,2023,2,1,-82.0,,,
2023-01-20,2734,3.17,2023,1,2023,3,1,-86.0,,,
2023-01-27,2583,3.08,2023,1,2023,4,1,-151.0,,,
2023-02-03,2366,2.64,2023,2,2023,5,1,-217.0,,,
2023-02-10,2266,2.34,2023,2,2023,6,1,-100.0,,,
2023-02-17,2195,2.41,2023,2,2023,7,1,-71.0,,,
2023-02-24,2114,2.18,2023,2,2023,8,1,-81.0,,,
2023-03-03,2030,2.6,2023,3,2023,9,1,-84.0,,,
2023-03-10,1972,2.48,2023,3,2023,10,1,-58.0,,,
2023-03-17,1900,2.47,2023,3,2023,11,1,-72.0,,,
2023-03-24,1853,2.06,2023,3,2023,12,1,-47.0,,,
2023-03-31,1830,2.01,2023,3,2023,13,1,-23.0,,,
2023-04-07,1855,2.14,2023,4,2023,14,2,25.0,,,
2023-04-14,1930,2.09,2023,4,2023,15,2,75.0,,,
2023-04-21,2009,2.21,2023,4,2023,16,2,79.0,,,
2023-04-28,2063,2.2,2023,4,2023,17,2,54.0,,,
2023-05-05,2141,2.03,2023,5,2023,18,2,78.0,,,
2023-05-12,2240,2.1,2023,5,2023,19,2,99.0,,,
2023-05-19,2336,2.29,2023,5,2023,20,2,96.0,,,
2023-05-26,2446,2.17,2023,5,2023,21,2,110.0,,,
2023-06-02,2550,1.93,2023,6,2023,22,2,104.0,,,
2023-06-09,2634,1.99,2023,6,2023,23,2,84.0,,,
2023-06-16,2729,2.05,2023,6,2023,24,2,95.0,,,
2023-06-23,2805,2.28,2023,6,2023,25,2,76.0,,,
2023-06-30,2881,2.58,2023,6,2023,26,2,76.0,,,
2023-07-07,2930,2.53,2023,7,2023,27,3,49.0,,,
2023-07-14,2971,2.53,2023,7,2023,28,3,41.0,,,
2023-07-21,2987,2.54,2023,7,2023,29,3,16.0,,,
2023-07-28,3001,2.59,2023,7,2023,30,3,14.0,,,
2023-08-04,3030,2.49,2023,8,2023,31,3,29.0,,,
2023-08-11,3065,2.76,2023,8,2023,32,3,35.0,,,
2023-08-18,3083,2.59,2023,8,2023,33,3,18.0,,,
2023-08-25,3115,2.53,2023,8,2023,34,3,32.0,,,
2023-09-01,3148,2.57,2023,9,2023,35,3,33.0,,,
2023-09-08,3205,2.52,2023,9,2023,36,3,57.0,,,
2023-09-15,3269,2.71,2023,9,2023,37,3,64.0,,,
2023-09-22,3359,2.62,2023,9,2023,38,3,90.0,,,
2023-09-29,3445,2.66,2023,9,2023,39,3,86.0,,,
2023-10-06,3529,2.91,2023,10,2023,40,4,84.0,,,
2023-10-13,3626,3.2,2023,10,2023,41,4,97.0,,,
2023-10-20,3700,2.86,2023,10,2023,42,4,74.0,,,
2023-10-27,3779,2.89,2023,10,2023,43,4,79.0,,,
2023-11-03,3773,3.17,2023,11,2023,44,4,-6.0,,,
2023-11-10,3833,2.46,2023,11,2023,45,4,60.0,,,
2023-11-17,3826,2.74,2023,11,2023,46,4,-7.0,,,
2023-11-24,3836,2.64,2023,11,2023,47,4,10.0,,,
2023-12-01,3719,2.72,2023,12,2023,48,4,-117.0,,,
2023-12-08,3664,2.62,2023,12,2023,49,4,-55.0,,,
2023-12-15,3577,2.38,2023,12,2023,50,4,-87.0,,,
2023-12-22,3490,2.5,2023,12,2023,51,4,-87.0,,,
2023-12-29,3476,2.56,2023,12,2023,52,4,-14.0,,,
2024-01-05,3336,2.68,2024,1,2024,1,1,-140.0,,,
2024-01-12,3182,5.11,2024,1,2024,2,1,-154.0,,,
2024-01-19,2856,2.92,2024,1,2024,3,1,-326.0,,,
2024-01-26,2659,2.38,2024,1,2024,4,1,-197.0,,,
2024-02-02,2584,2.21,2024,2,2024,5,1,-75.0,,,
2024-02-09,2530,1.93,2024,2,2024,6,1,-54.0,,,
2024-02-16,2470,1.59,2024,2,2024,7,1,-60.0,,,
2024-02-23,2374,1.56,2024,2,2024,8,1,-96.0,,,
2024-03-01,2334,1.58,2024,3,2024,9,1,-40.0,,,
2024-03-08,2325,1.55,2024,3,2024,10,1,-9.0,,,
2024-03-15,2332,1.4,2024,3,2024,11,1,7.0,,,
2024-03-22,2296,1.54,2024,3,2024,12,1,-36.0,,,
2024-03-29,2259,1.48,2024,3,2024,13,1,-37.0,,,
2024-04-05,2283,1.7,2024,4,2024,14,2,24.0,,,
2024-04-12,2333,1.69,2024,4,2024,15,2,50.0,,,
2024-04-19,2425,1.46,2024,4,2024,16,2,92.0,,,
2024-04-26,2484,1.54,2024,4,2024,17,2,59.0,,,
2024-05-03,2569,1.64,2024,5,2024,18,2,85.0,,,
2024-05-10,2640,2.0,2024,5,2024,19,2,71.0,,,
2024-05-17,2719,2.23,2024,5,2024,20,2,79.0,,,
2024-05-24,2804,2.48,2024,5,2024,21,2,85.0,,,
2024-05-31,2900,2.03,2024,5,2024,22,2,96.0,,,
2024-06-07,2974,2.43,2024,6,2024,23,2,74.0,,,
2024-06-14,3045,2.73,2024,6,2024,24,2,71.0,,,
2024-06-21,3102,2.44,2024,6,2024,25,2,57.0,,,
2024-06-28,3134,2.52,2024,6,2024,26,2,32.0,,,
2024-07-05,3199,2.08,2024,7,2024,27,3,65.0,,,
2024-07-12,3209,2.26,2024,7,2024,28,3,10.0,,,
2024-07-19,3231,2.02,2024,7,2024,29,3,22.0,,,
2024-07-26,3249,2.06,2024,7,2024,30,3,18.0,,,
2024-08-02,3270,1.9,2024,8,2024,31,3,21.0,,,
2024-08-09,3264,1.88,2024,8,2024,32,3,-6.0,,,
2024-08-16,3299,2.13,2024,8,2024,33,3,35.0,,,
2024-08-23,3334,2.04,2024,8,2024,34,3,35.0,,,
2024-08-30,3347,1.94,2024,8,2024,35,3,13.0,,,
2024-09-06,3387,2.02,2024,9,2024,36,3,40.0,,,
2024-09-13,3445,2.13,2024,9,2024,37,3,58.0,,,
2024-09-20,3493,2.26,2024,9,2024,38,3,48.0,,,
2024-09-27,3548,2.56,2024,9,2024,39,3,55.0,,,
2024-10-04,3630,2.66,2024,10,2024,40,4,82.0,,,
2024-10-11,3706,2.4,2024,10,2024,41,4,76.0,,,
2024-10-18,3785,2.15,2024,10,2024,42,4,79.0,,,
2024-10-25,3864,1.88,2024,10,2024,43,4,79.0,,,
2024-11-01,3931,1.83,2024,11,2024,44,4,67.0,,,
2024-11-08,3972,1.5,2024,11,2024,45,4,41.0,,,
2024-11-15,3969,1.79,2024,11,2024,46,4,-3.0,,,
2024-11-22,3967,2.35,2024,11,2024,47,4,-2.0,,,
2024-11-29,3937,3.19,2024,11,2024,48,4,-30.0,,,
2024-12-06,3747,2.9,2024,12,2024,49,4,-190.0,,,
2024-12-13,3622,3.03,2024,12,2024,50,4,-125.0,,,
2024-12-20,3529,3.0,2024,12,2024,51,4,-93.0,,,
2024-12-27,3413,2.94,2024,12,2024,52,4,-116.0,,,
2025-01-03,3373,3.46,2025,1,2025,1,1,-40.0,,,
2025-01-10,3115,3.93,2025,1,2025,2,1,-258.0,,,
2025-01-17,2892,5.47,2025,1,2025,3,1,-223.0,,,
2025-01-24,2571,4.02,2025,1,2025,4,1,-321.0,,,
2025-01-31,2397,3.31,2025,1,2025,5,1,-174.0,,,
2025-02-07,2297,3.28,2025,2,2025,6,1,-100.0,,,
2025-02-14,2101,4.03,2025,2,2025,7,1,-196.0,,,
2025-02-21,1840,5.9,2025,2,2025,8,1,-261.0,,,
2025-02-28,1760,3.89,2025,2,2025,9,1,-80.0,,,
2025-03-07,1698,4.27,2025,3,2025,10,1,-62.0,,,
2025-03-14,1707,4.15,2025,3,2025,11,1,9.0,,,
2025-03-21,1744,4.14,2025,3,2025,12,1,37.0,,,
2025-03-28,1773,3.92,2025,3,2025,13,1,29.0,,,
2025-04-04,1830,4.07,2025,4,2025,14,2,57.0,,,
2025-04-11,1846,3.67,2025,4,2025,15,2,16.0,,,
2025-04-18,1934,3.26,2025,4,2025,16,2,88.0,,,
2025-04-25,2041,3.0,2025,4,2025,17,2,107.0,,,
2025-05-02,2145,3.09,2025,5,2025,18,2,104.0,,,
2025-05-09,2255,3.19,2025,5,2025,19,2,110.0,,,
2025-05-16,2375,3.2,2025,5,2025,20,2,120.0,,,
2025-05-23,2476,3.05,2025,5,2025,21,2,101.0,,,
2025-05-30,2598,3.03,2025,5,2025,22,2,122.0,,,
2025-06-06,2707,2.84,2025,6,2025,23,2,109.0,,,
2025-06-13,2802,2.84,2025,6,2025,24,2,95.0,,,
2025-06-20,2898,3.08,2025,6,2025,25,2,96.0,,,
2025-06-27,2953,3.3,2025,6,2025,26,2,55.0,,,
2025-07-04,3006,3.19,2025,7,2025,27,3,53.0,,,
2025-07-11,3052,3.17,2025,7,2025,28,3,46.0,,,
2025-07-18,3075,3.39,2025,7,2025,29,3,23.0,,,
2025-07-25,3123,3.19,2025,7,2025,30,3,48.0,,,
2025-08-01,3130,3.03,2025,8,2025,31,3,7.0,,,
2025-08-08,3186,2.99,2025,8,2025,32,3,56.0,,,
2025-08-15,3199,2.94,2025,8,2025,33,3,13.0,,,
2025-08-22,3217,2.85,2025,8,2025,34,3,18.0,,,
2025-08-29,3262,2.85,2025,8,2025,35,3,45.0,,,
2025-09-05,3333,2.97,2025,9,2025,36,3,71.0,,,
2025-09-12,3423,2.96,2025,9,2025,37,3,90.0,,,
2025-09-19,3499,3.05,2025,9,2025,38,3,76.0,,,
2025-09-26,3551,2.91,2025,9,2025,39,3,52.0,,,
2025-10-03,3631,3.16,2025,10,2025,40,4,80.0,,,
2025-10-10,3712,3.23,2025,10,2025,41,4,81.0,,,
2025-10-17,3798,2.8,2025,10,2025,42,4,86.0,,,
2025-10-24,3872,3.25,2025,10,2025,43,4,74.0,,,
2025-10-31,3905,3.42,2025,10,2025,44,4,33.0,,,
2025-11-07,3950,3.54,2025,11,2025,45,4,45.0,,,
2025-11-14,3936,3.62,2025,11,2025,46,4,-14.0,,,
2025-11-21,3924,3.89,2025,11,2025,47,4,-12.0,,,
2025-11-28,3913,4.29,2025,11,2025,48,4,-11.0,,,
2025-12-05,3735,4.97,2025,12,2025,49,4,-178.0,,,
2025-12-12,3569,4.6,2025,12,2025,50,4,-166.0,,,
2025-12-19,3401,3.71,2025,12,2025,51,4,-168.0,,,
2025-12-26,3364,3.45,2025,12,2025,52,4,-37.0,,,
2026-01-02,3244,4.25,2026,1,2026,1,1,-120.0,,,
2026-01-09,3174,2.91,2026,1,2026,2,1,-70.0,,,
2026-01-16,3054,3.0,2026,1,2026,3,1,-120.0,,,
2026-01-23,2813,12.02,2026,1,2026,4,1,-241.0,,,
2026-01-30,2454,13.8,2026,1,2026,5,1,-359.0,,,
2026-02-06,2202,5.01,2026,2,2026,6,1,-252.0,,,
2026-02-13,2059,3.27,2026,2,2026,7,1,-143.0,,,
2026-02-20,2007,3.08,2026,2,2026,8,1,-52.0,,,
2026-02-27,1876,3.01,2026,2,2026,9,1,-131.0,,,
2026-03-06,1838,2.99,2026,3,2026,10,1,-38.0,,,
2026-03-13,1872,3.19,2026,3,2026,11,1,34.0,,,
2026-03-20,1818,3.11,2026,3,2026,12,1,-54.0,,,
2026-03-27,1851,2.95,2026,3,2026,13,1,33.0,,,
2026-04-03,1900,2.9,2026,4,2026,14,2,49.0,,,
2026-04-10,1960,2.85,2026,4,2026,15,2,60.0,,,
2026-04-17,2063,2.77,2026,4,2026,16,2,103.0,,,
2026-04-24,2142,2.7,2026,4,2026,17,2,79.0,,,
2026-05-01,2205,2.66,2026,5,2026,18,2,63.0,,,
2026-05-08,2290,2.74,2026,5,2026,19,2,85.0,,,
2026-05-15,2391,2.86,2026,5,2026,20,2,101.0,,,
