model,fold,forecast_origin,target_date,actual,prediction
ridge_alpha1,1,2002-02-22,2002-03-22,3.31,2.3636926510886065
ridge_alpha1,1,2002-03-01,2002-03-29,3.4,2.581150445046832
ridge_alpha1,1,2002-03-08,2002-04-05,3.54,2.731374498148176
ridge_alpha1,1,2002-03-15,2002-04-12,3.21,2.8845385676792774
ridge_alpha1,1,2002-03-22,2002-04-19,3.4,3.0096712736148525
ridge_alpha1,1,2002-03-29,2002-04-26,3.5,3.239148568849847
ridge_alpha1,1,2002-04-05,2002-05-03,3.65,3.0828095469048815
ridge_alpha1,1,2002-04-12,2002-05-10,3.65,3.004048076162955
ridge_alpha1,1,2002-04-19,2002-05-17,3.57,2.4315234751964994
ridge_alpha1,1,2002-04-26,2002-05-24,3.35,2.764307140256975
ridge_alpha1,1,2002-05-03,2002-05-31,3.24,2.9354818808445944
ridge_alpha1,1,2002-05-10,2002-06-07,3.24,3.3018515757799385
ridge_alpha1,1,2002-05-17,2002-06-14,3.11,3.306039244850085
ridge_alpha1,1,2002-05-24,2002-06-21,3.26,3.3303449138390224
ridge_alpha1,1,2002-05-31,2002-06-28,3.43,3.3149847998767528
ridge_alpha1,1,2002-06-07,2002-07-05,3.18,3.5147090607140687
ridge_alpha1,1,2002-06-14,2002-07-12,2.96,3.6585068345579166
ridge_alpha1,1,2002-06-21,2002-07-19,2.9,3.498463625470201
ridge_alpha1,1,2002-06-28,2002-07-26,2.97,3.6905250677257424
ridge_alpha1,1,2002-07-05,2002-08-02,3.01,3.915299703538826
ridge_alpha1,1,2002-07-12,2002-08-09,2.78,3.6193974615794864
ridge_alpha1,1,2002-07-19,2002-08-16,2.99,3.334997816748661
ridge_alpha1,1,2002-07-26,2002-08-23,3.28,3.2187162313527207
ridge_alpha1,1,2002-08-02,2002-08-30,3.33,3.346694576404995
ridge_alpha1,1,2002-08-09,2002-09-06,3.21,3.399310081101272
ridge_alpha1,1,2002-08-16,2002-09-13,3.3,3.141473586990211
ridge_alpha1,1,2002-08-23,2002-09-20,3.71,3.4025485921225975
ridge_alpha1,1,2002-08-30,2002-09-27,3.8,3.6950003205285498
ridge_alpha1,1,2002-09-06,2002-10-04,4.17,3.7964418390876853
ridge_alpha1,1,2002-09-13,2002-10-11,3.85,3.506232938793151
ridge_alpha1,1,2002-09-20,2002-10-18,4.14,3.47557285965814
ridge_alpha1,1,2002-09-27,2002-10-25,4.22,3.903989325082745
ridge_alpha1,1,2002-10-04,2002-11-01,4.23,3.930829172332152
ridge_alpha1,1,2002-10-11,2002-11-08,3.88,4.20301287897
ridge_alpha1,1,2002-10-18,2002-11-15,3.86,3.5592545743284316
ridge_alpha1,1,2002-10-25,2002-11-22,4.25,3.9313311430058113
ridge_alpha1,1,2002-11-01,2002-11-29,4.25,3.8911543901889982
ridge_alpha1,1,2002-11-08,2002-12-06,4.31,4.1204294681400295
ridge_alpha1,1,2002-11-15,2002-12-13,4.64,3.7775752260541804
ridge_alpha1,1,2002-11-22,2002-12-20,5.12,3.935681007705355
ridge_alpha1,1,2002-11-29,2002-12-27,4.96,4.449417077659041
ridge_alpha1,1,2002-12-06,2003-01-03,4.85,4.659413701473758
ridge_alpha1,1,2002-12-13,2003-01-10,5.03,4.895749006988996
ridge_alpha1,1,2002-12-20,2003-01-17,5.37,5.100919739434556
ridge_alpha1,1,2002-12-27,2003-01-24,5.91,5.537086344735641
ridge_alpha1,1,2003-01-03,2003-01-31,5.68,5.031123228389967
ridge_alpha1,1,2003-01-10,2003-02-07,6.11,4.8030937113957055
ridge_alpha1,1,2003-01-17,2003-02-14,6.08,4.829277733572598
ridge_alpha1,1,2003-01-24,2003-02-21,6.33,5.222325258140309
ridge_alpha1,1,2003-01-31,2003-02-28,12.03,5.77475497650685
ridge_alpha1,1,2003-02-07,2003-03-07,7.8,5.408664492088374
ridge_alpha1,1,2003-02-14,2003-03-14,5.94,5.89397301703412
ridge_alpha1,1,2003-02-21,2003-03-21,5.18,5.588469953347985
ridge_alpha1,1,2003-02-28,2003-03-28,4.99,6.090282823172655
ridge_alpha1,1,2003-03-07,2003-04-04,4.91,11.887832624622625
ridge_alpha1,1,2003-03-14,2003-04-11,5.15,5.715868541365033
ridge_alpha1,1,2003-03-21,2003-04-18,5.5,4.795178795307008
ridge_alpha1,1,2003-03-28,2003-04-25,5.51,3.0215962290304077
ridge_alpha1,1,2003-04-04,2003-05-02,5.25,3.469702047396916
ridge_alpha1,1,2003-04-11,2003-05-09,5.57,3.5507172497046846
ridge_alpha1,1,2003-04-18,2003-05-16,6.05,3.840436909250262
ridge_alpha1,1,2003-04-25,2003-05-23,6.02,4.233815468563897
ridge_alpha1,1,2003-05-02,2003-05-30,5.83,4.1997127414349364
ridge_alpha1,1,2003-05-09,2003-06-06,6.26,3.660430820868985
ridge_alpha1,1,2003-05-16,2003-06-13,5.94,3.891700510314871
ridge_alpha1,1,2003-05-23,2003-06-20,5.57,4.407890858806289
ridge_alpha1,1,2003-05-30,2003-06-27,5.61,6.0224413840076405
ridge_alpha1,1,2003-06-06,2003-07-04,5.14,6.16939732420658
ridge_alpha1,1,2003-06-13,2003-07-11,5.36,6.4545718626633946
ridge_alpha1,1,2003-06-20,2003-07-18,5.06,6.038760749859182
ridge_alpha1,1,2003-06-27,2003-07-25,4.91,5.935915125384357
ridge_alpha1,1,2003-07-04,2003-08-01,4.68,6.186036788463034
ridge_alpha1,1,2003-07-11,2003-08-08,4.83,5.769483458237889
ridge_alpha1,1,2003-07-18,2003-08-15,5.05,6.1622597083172845
ridge_alpha1,1,2003-07-25,2003-08-22,5.07,5.68367454921167
ridge_alpha1,1,2003-08-01,2003-08-29,5.05,5.667383062786216
ridge_alpha1,1,2003-08-08,2003-09-05,4.69,5.25957842200991
ridge_alpha1,1,2003-08-15,2003-09-12,4.76,5.411163686176181
ridge_alpha1,1,2003-08-22,2003-09-19,4.56,5.628424686029399
ridge_alpha1,1,2003-08-29,2003-09-26,4.49,5.646117072527579
ridge_alpha1,1,2003-09-05,2003-10-03,4.49,5.671630305086173
ridge_alpha1,1,2003-09-12,2003-10-10,4.72,5.270941292087739
ridge_alpha1,1,2003-09-19,2003-10-17,4.84,5.441142773185826
ridge_alpha1,1,2003-09-26,2003-10-24,4.7,5.222767337005559
ridge_alpha1,1,2003-10-03,2003-10-31,4.38,5.232141926020008
ridge_alpha1,1,2003-10-10,2003-11-07,4.36,5.222317953171078
ridge_alpha1,1,2003-10-17,2003-11-14,4.59,5.519269242559478
ridge_alpha1,1,2003-10-24,2003-11-21,4.36,5.634406934916548
ridge_alpha1,1,2003-10-31,2003-11-28,4.64,5.417121599825721
ridge_alpha1,1,2003-11-07,2003-12-05,5.58,5.031144540143018
ridge_alpha1,1,2003-11-14,2003-12-12,6.51,5.039669166949141
ridge_alpha1,1,2003-11-21,2003-12-19,6.73,5.326178433195722
ridge_alpha1,1,2003-11-28,2003-12-26,5.8,5.085081294837398
ridge_alpha1,1,2003-12-05,2004-01-02,5.73,5.519291925389124
ridge_alpha1,1,2003-12-12,2004-01-09,6.65,6.372701693205423
ridge_alpha1,1,2003-12-19,2004-01-16,5.95,7.033381779878985
ridge_alpha1,1,2003-12-26,2004-01-23,6.07,6.668851316200875
ridge_alpha1,1,2004-01-02,2004-01-30,5.88,4.995985521647722
ridge_alpha1,1,2004-01-09,2004-02-06,5.57,4.901436264691719
ridge_alpha1,1,2004-01-16,2004-02-13,5.45,5.852835650496584
ridge_alpha1,1,2004-01-23,2004-02-20,5.31,5.1420701678736265
ridge_alpha1,1,2004-01-30,2004-02-27,5.14,5.635395192813309
ridge_alpha1,1,2004-02-06,2004-03-05,5.27,5.385379222818159
ridge_alpha1,1,2004-02-13,2004-03-12,5.39,5.4313722506804165
ridge_alpha1,1,2004-02-20,2004-03-19,5.58,5.702567799772034
ridge_alpha1,1,2004-02-27,2004-03-26,5.31,5.850110593326842
ridge_alpha1,1,2004-03-05,2004-04-02,5.56,5.712678507353052
ridge_alpha1,1,2004-03-12,2004-04-09,5.78,5.838860676365053
ridge_alpha1,1,2004-03-19,2004-04-16,5.76,6.0139671765418505
ridge_alpha1,1,2004-03-26,2004-04-23,5.53,6.260745392479985
ridge_alpha1,1,2004-04-02,2004-04-30,5.76,5.834779459170268
ridge_alpha1,1,2004-04-09,2004-05-07,6.1,6.298443672039399
ridge_alpha1,1,2004-04-16,2004-05-14,6.33,6.457942263634083
ridge_alpha1,1,2004-04-23,2004-05-21,6.33,6.513047195397658
ridge_alpha1,1,2004-04-30,2004-05-28,6.57,6.156469370464103
ridge_alpha1,1,2004-05-07,2004-06-04,6.39,6.424028602763967
ridge_alpha1,1,2004-05-14,2004-06-11,6.08,6.731055636070771
ridge_alpha1,1,2004-05-21,2004-06-18,6.39,6.953284206935649
ridge_alpha1,1,2004-05-28,2004-06-25,6.34,6.7895603459785345
ridge_alpha1,1,2004-06-04,2004-07-02,6.0,6.941906054517058
ridge_alpha1,1,2004-06-11,2004-07-09,6.13,6.607838647679587
ridge_alpha1,1,2004-06-18,2004-07-16,5.88,6.412679834332035
ridge_alpha1,1,2004-06-25,2004-07-23,5.86,6.896903947615641
ridge_alpha1,1,2004-07-02,2004-07-30,5.91,6.925290676764893
ridge_alpha1,1,2004-07-09,2004-08-06,5.66,6.715128390675117
ridge_alpha1,1,2004-07-16,2004-08-13,5.55,6.905229107008845
ridge_alpha1,1,2004-07-23,2004-08-20,5.34,6.740412471034045
ridge_alpha1,1,2004-07-30,2004-08-27,5.23,6.877001070855133
ridge_alpha1,1,2004-08-06,2004-09-03,4.84,6.909675355352474
ridge_alpha1,1,2004-08-13,2004-09-10,4.56,6.580328121261341
ridge_alpha1,1,2004-08-20,2004-09-17,5.04,6.44805957193817
ridge_alpha1,1,2004-08-27,2004-09-24,5.44,6.162146351273162
ridge_alpha1,1,2004-09-03,2004-10-01,5.73,6.077518859267046
ridge_alpha1,1,2004-09-10,2004-10-08,5.92,5.535356391398759
ridge_alpha1,1,2004-09-17,2004-10-15,5.61,5.205132202381255
ridge_alpha1,1,2004-09-24,2004-10-22,6.7,5.771341814806766
ridge_alpha1,1,2004-10-01,2004-10-29,7.38,6.294978136278779
ridge_alpha1,1,2004-10-08,2004-11-05,6.92,6.678861101956363
ridge_alpha1,1,2004-10-15,2004-11-12,6.12,6.549121339203015
ridge_alpha1,1,2004-10-22,2004-11-19,5.81,5.920023258444671
ridge_alpha1,1,2004-10-29,2004-11-26,5.16,7.084199728222156
ridge_alpha1,1,2004-11-05,2004-12-03,6.61,7.391823274633541
ridge_alpha1,1,2004-11-12,2004-12-10,6.08,6.66684934280825
ridge_alpha1,1,2004-11-19,2004-12-17,7.03,5.479975565316902
ridge_alpha1,1,2004-11-26,2004-12-24,7.0,5.34970537983391
ridge_alpha1,1,2004-12-03,2004-12-31,6.26,5.026650572069212
ridge_alpha1,1,2004-12-10,2005-01-07,5.74,7.252408550063443
ridge_alpha1,1,2004-12-17,2005-01-14,6.11,6.549973465269215
ridge_alpha1,1,2004-12-24,2005-01-21,6.4,8.090804131651492
ridge_alpha1,1,2004-12-31,2005-01-28,6.4,7.181057827276634
ridge_alpha1,1,2005-01-07,2005-02-04,6.25,6.51166866785549
ridge_alpha1,1,2005-01-14,2005-02-11,6.08,5.960153933337162
ridge_alpha1,1,2005-01-21,2005-02-18,6.0,6.446873830818266
ridge_alpha1,1,2005-01-28,2005-02-25,6.13,6.834503755715696
ridge_alpha1,1,2005-02-04,2005-03-04,6.62,6.990142891591047
ridge_alpha1,1,2005-02-11,2005-03-11,6.82,6.600965681106807
ridge_alpha1,1,2005-02-18,2005-03-18,7.09,6.408761060781256
ridge_alpha1,1,2005-02-25,2005-03-25,7.15,6.642796456882941
ridge_alpha1,1,2005-03-04,2005-04-01,7.22,6.8397093481784434
ridge_alpha1,1,2005-03-11,2005-04-08,7.49,7.508685192917971
ridge_alpha1,1,2005-03-18,2005-04-15,7.11,7.697400901054426
ridge_alpha1,1,2005-03-25,2005-04-22,7.0,7.852749710909398
ridge_alpha1,1,2005-04-01,2005-04-29,6.95,7.568114828425793
ridge_alpha1,1,2005-04-08,2005-05-06,6.58,7.589523674902175
ridge_alpha1,1,2005-04-15,2005-05-13,6.59,7.756079404945657
ridge_alpha1,1,2005-04-22,2005-05-20,6.42,7.259066386780329
ridge_alpha1,1,2005-04-29,2005-05-27,6.33,7.276483402984356
ridge_alpha1,1,2005-05-06,2005-06-03,6.49,7.325378338789738
ridge_alpha1,1,2005-05-13,2005-06-10,7.11,7.160152064572591
ridge_alpha1,1,2005-05-20,2005-06-17,7.36,7.471904112945129
ridge_alpha1,1,2005-05-27,2005-06-24,7.52,7.403200707738357
ridge_alpha1,1,2005-06-03,2005-07-01,7.09,7.381837818080099
ridge_alpha1,1,2005-06-10,2005-07-08,7.64,7.51124206295469
ridge_alpha1,1,2005-06-17,2005-07-15,7.79,8.325398025477734
ridge_alpha1,1,2005-06-24,2005-07-22,7.65,8.491032664243694
ridge_alpha1,1,2005-07-01,2005-07-29,7.56,8.506832356682349
ridge_alpha1,1,2005-07-08,2005-08-05,8.46,7.671765190761704
ridge_alpha1,1,2005-07-15,2005-08-12,9.07,8.258034499961592
ridge_alpha1,1,2005-07-22,2005-08-19,9.53,8.188188195554162
ridge_alpha1,1,2005-07-29,2005-08-26,9.81,8.095526013449495
ridge_alpha1,1,2005-08-05,2005-09-02,11.6,7.845582968715965
ridge_alpha1,1,2005-08-12,2005-09-09,11.14,8.939688672655505
ridge_alpha1,1,2005-08-19,2005-09-16,10.94,9.51917406584143
ridge_alpha1,1,2005-08-26,2005-09-23,13.46,9.938323485819188
ridge_alpha1,1,2005-09-02,2005-10-07,13.67,9.770076234445387
ridge_alpha1,1,2005-09-09,2005-10-14,13.4,11.319642575169608
ridge_alpha1,1,2005-09-16,2005-10-21,13.36,10.04411562144928
ridge_alpha1,1,2005-09-23,2005-10-28,13.71,9.766335019694509
ridge_alpha1,1,2005-10-07,2005-11-04,10.86,12.111202671575745
ridge_alpha1,1,2005-10-14,2005-11-11,9.22,11.924457767166261
ridge_alpha1,1,2005-10-21,2005-11-18,10.26,11.68757348963242
ridge_alpha1,1,2005-10-28,2005-11-25,10.88,10.708218876592953
ridge_alpha1,1,2005-11-04,2005-12-02,11.89,11.791203575513034
ridge_alpha1,1,2005-11-11,2005-12-09,14.21,9.890054331536573
ridge_alpha1,1,2005-11-18,2005-12-16,14.49,9.45215354702064
ridge_alpha1,1,2005-11-25,2005-12-23,13.06,11.074382492781485
ridge_alpha1,1,2005-12-02,2005-12-30,9.93,11.997996930865131
ridge_alpha1,1,2005-12-09,2006-01-06,9.42,13.612445893154016
ridge_alpha1,1,2005-12-16,2006-01-13,8.63,15.837783222809286
ridge_alpha1,1,2005-12-23,2006-01-20,8.67,15.340098247330372
ridge_alpha1,1,2005-12-30,2006-01-27,8.22,12.976205800584669
ridge_alpha1,1,2006-01-06,2006-02-03,8.36,9.290524188927877
ridge_alpha1,1,2006-01-13,2006-02-10,7.8,9.375213854259767
ridge_alpha1,1,2006-01-20,2006-02-17,7.25,8.396840741273815
ridge_alpha1,1,2006-01-27,2006-02-24,7.39,8.59045967090822
ridge_alpha1,1,2006-02-03,2006-03-03,6.71,7.823160093147937
ridge_alpha1,1,2006-02-10,2006-03-10,6.44,8.01219320749428
ridge_alpha1,1,2006-02-17,2006-03-17,7.06,7.032126104250303
ridge_alpha1,1,2006-02-24,2006-03-24,7.1,6.294452182960608
ridge_alpha1,1,2006-03-03,2006-03-31,7.11,6.241634161812376
ridge_alpha1,1,2006-03-10,2006-04-07,6.98,5.597615014238604
ridge_alpha1,1,2006-03-17,2006-04-14,6.81,6.132636916333257
ridge_alpha1,1,2006-03-24,2006-04-21,7.63,7.628170102922198
ridge_alpha1,1,2006-03-31,2006-04-28,7.17,7.747571205332562
ridge_alpha1,1,2006-04-07,2006-05-05,6.61,7.975064311752215
ridge_alpha1,1,2006-04-14,2006-05-12,6.55,7.472168303569365
ridge_alpha1,1,2006-04-21,2006-05-19,5.92,7.4077671730354755
ridge_alpha1,1,2006-04-28,2006-05-26,5.96,8.53572532293139
ridge_alpha1,1,2006-05-05,2006-06-02,6.16,8.053639711468454
ridge_alpha1,1,2006-05-12,2006-06-09,6.06,7.648065947956745
ridge_alpha1,1,2006-05-19,2006-06-16,6.3,7.45269312934264
ridge_alpha1,1,2006-05-26,2006-06-23,6.5,6.706264958383192
ridge_alpha1,1,2006-06-02,2006-06-30,5.97,6.908882489373774
ridge_alpha1,1,2006-06-09,2006-07-07,5.39,7.038003677102987
ridge_alpha1,1,2006-06-16,2006-07-14,5.74,6.847928537828631
ridge_alpha1,1,2006-06-23,2006-07-21,6.04,7.093162138425466
ridge_alpha1,1,2006-06-30,2006-07-28,6.82,7.196906619621904
ridge_alpha1,1,2006-07-07,2006-08-04,8.08,6.583432040915778
ridge_alpha1,1,2006-07-14,2006-08-11,7.43,5.948984169608302
ridge_alpha1,1,2006-07-21,2006-08-18,6.84,6.532830264461624
ridge_alpha1,1,2006-07-28,2006-08-25,7.09,6.9539919705358075
ridge_alpha1,1,2006-08-04,2006-09-01,6.04,8.071602255225848
ridge_alpha1,1,2006-08-11,2006-09-08,5.53,8.927816519066202
ridge_alpha1,1,2006-08-18,2006-09-15,5.15,7.603690153679409
ridge_alpha1,1,2006-08-25,2006-09-22,4.8,6.757341465849471
ridge_alpha1,1,2006-09-01,2006-09-29,4.17,6.860656428943056
ridge_alpha1,1,2006-09-08,2006-10-06,4.32,5.894453098054752
ridge_alpha1,1,2006-09-15,2006-10-13,5.07,5.758269400035445
ridge_alpha1,1,2006-09-22,2006-10-20,6.22,5.283444792742657
ridge_alpha1,1,2006-09-29,2006-10-27,7.39,4.926988504045402
ridge_alpha1,1,2006-10-06,2006-11-03,7.11,4.263035646641479
ridge_alpha1,1,2006-10-13,2006-11-10,7.04,4.373257624962915
ridge_alpha1,1,2006-10-20,2006-11-17,7.39,5.131932205987377
ridge_alpha1,1,2006-10-27,2006-11-24,7.59,6.651949222409232
ridge_alpha1,1,2006-11-03,2006-12-01,7.93,7.911023200082475
ridge_alpha1,1,2006-11-10,2006-12-08,7.51,6.850682622680559
ridge_alpha1,1,2006-11-17,2006-12-15,7.01,6.112975082767994
ridge_alpha1,1,2006-11-24,2006-12-22,6.26,5.917819186028509
ridge_alpha1,1,2006-12-01,2006-12-29,5.6,6.132567555994893
ridge_alpha1,1,2006-12-08,2007-01-05,5.5,6.488471598659675
ridge_alpha1,1,2006-12-15,2007-01-12,6.13,5.865004830888229
ridge_alpha1,1,2006-12-22,2007-01-19,6.52,5.7339476978726625
ridge_alpha1,2,2006-12-29,2007-01-26,7.29,6.4873557957504975
ridge_alpha1,2,2007-01-05,2007-02-02,7.71,5.843772428300838
ridge_alpha1,2,2007-01-12,2007-02-09,8.31,5.804653057392647
ridge_alpha1,2,2007-01-19,2007-02-16,8.43,6.106023007113779
ridge_alpha1,2,2007-01-26,2007-02-23,7.46,6.212956773859487
ridge_alpha1,2,2007-02-02,2007-03-02,7.34,6.698163962853966
ridge_alpha1,2,2007-02-09,2007-03-09,7.32,6.982567179006351
ridge_alpha1,2,2007-02-16,2007-03-16,6.86,7.354962902799428
ridge_alpha1,2,2007-02-23,2007-03-23,6.91,7.481425217707276
ridge_alpha1,2,2007-03-02,2007-03-30,7.32,7.042600023393261
ridge_alpha1,2,2007-03-09,2007-04-06,7.55,7.0587717681991915
ridge_alpha1,2,2007-03-16,2007-04-13,7.83,7.005353747594029
ridge_alpha1,2,2007-03-23,2007-04-20,7.51,6.70908387880382
ridge_alpha1,2,2007-03-30,2007-04-27,7.48,6.865689489676368
ridge_alpha1,2,2007-04-06,2007-05-04,7.68,7.312429692484933
ridge_alpha1,2,2007-04-13,2007-05-11,7.56,7.503047234922809
ridge_alpha1,2,2007-04-20,2007-05-18,7.74,7.767372901670261
ridge_alpha1,2,2007-04-27,2007-05-25,7.56,7.645228040829593
ridge_alpha1,2,2007-05-04,2007-06-01,7.65,7.73166256332051
ridge_alpha1,2,2007-05-11,2007-06-08,7.76,7.881201933764764
ridge_alpha1,2,2007-05-18,2007-06-15,7.51,7.847339553761533
ridge_alpha1,2,2007-05-25,2007-06-22,7.36,7.958258453620454
ridge_alpha1,2,2007-06-01,2007-06-29,6.71,7.911875689195259
ridge_alpha1,2,2007-06-08,2007-07-06,6.27,7.978815226258217
ridge_alpha1,2,2007-06-15,2007-07-13,6.4,8.109676134447056
ridge_alpha1,2,2007-06-22,2007-07-20,6.37,8.033801986384864
ridge_alpha1,2,2007-06-29,2007-07-27,5.76,7.9650068431348195
ridge_alpha1,2,2007-07-06,2007-08-03,6.3,7.45274369398383
ridge_alpha1,2,2007-07-13,2007-08-10,6.35,7.005409554735882
ridge_alpha1,2,2007-07-20,2007-08-17,7.08,6.962704003514853
ridge_alpha1,2,2007-07-27,2007-08-24,5.93,6.812565687949879
ridge_alpha1,2,2007-08-03,2007-08-31,5.51,6.319286876296209
ridge_alpha1,2,2007-08-10,2007-09-07,5.66,6.627930457446032
ridge_alpha1,2,2007-08-17,2007-09-14,6.03,6.569693654317518
ridge_alpha1,2,2007-08-24,2007-09-21,6.21,6.957369131018275
ridge_alpha1,2,2007-08-31,2007-09-28,6.33,6.258714905663075
ridge_alpha1,2,2007-09-07,2007-10-05,6.65,6.092732457227347
ridge_alpha1,2,2007-09-14,2007-10-12,6.68,6.17040742727001
ridge_alpha1,2,2007-09-21,2007-10-19,7.1,6.356401808516898
ridge_alpha1,2,2007-09-28,2007-10-26,6.39,6.413153863900457
ridge_alpha1,2,2007-10-05,2007-11-02,6.93,6.567602224786154
ridge_alpha1,2,2007-10-12,2007-11-09,6.95,6.789394053588126
ridge_alpha1,2,2007-10-19,2007-11-16,7.19,6.8093262120951605
ridge_alpha1,2,2007-10-26,2007-11-23,6.88,7.080743040636871
ridge_alpha1,2,2007-11-02,2007-11-30,7.44,6.725000316243813
ridge_alpha1,2,2007-11-09,2007-12-07,7.12,7.096216798413541
ridge_alpha1,2,2007-11-16,2007-12-14,7.17,7.077415720112756
ridge_alpha1,2,2007-11-23,2007-12-21,7.12,7.198255041742556
ridge_alpha1,2,2007-11-30,2007-12-28,6.97,7.173855608789176
ridge_alpha1,2,2007-12-07,2008-01-04,7.57,7.652587852618899
ridge_alpha1,2,2007-12-14,2008-01-11,7.84,7.505829627916936
ridge_alpha1,2,2007-12-21,2008-01-18,8.33,7.614707824111783
ridge_alpha1,2,2007-12-28,2008-01-25,7.87,7.675745582810208
ridge_alpha1,2,2008-01-04,2008-02-01,8.02,7.195684996464173
ridge_alpha1,2,2008-01-11,2008-02-08,7.87,7.539515764952858
ridge_alpha1,2,2008-01-18,2008-02-15,8.47,7.601352903645988
ridge_alpha1,2,2008-01-25,2008-02-22,8.89,7.887569671892362
ridge_alpha1,2,2008-02-01,2008-02-29,9.16,7.761678767878025
ridge_alpha1,2,2008-02-08,2008-03-07,9.43,7.9542508847791815
ridge_alpha1,2,2008-02-15,2008-03-14,9.74,7.8836908709848945
ridge_alpha1,2,2008-02-22,2008-03-21,9.09,8.229087862762334
ridge_alpha1,2,2008-02-29,2008-03-28,9.24,8.38784758462359
ridge_alpha1,2,2008-03-07,2008-04-04,9.68,8.58926308446445
ridge_alpha1,2,2008-03-14,2008-04-11,9.88,8.841180395428204
ridge_alpha1,2,2008-03-21,2008-04-18,10.13,9.100861200180606
ridge_alpha1,2,2008-03-28,2008-04-25,10.54,8.883452345359625
ridge_alpha1,2,2008-04-04,2008-05-02,10.75,9.17562530876709
ridge_alpha1,2,2008-04-11,2008-05-09,11.11,9.454801702323547
ridge_alpha1,2,2008-04-18,2008-05-16,11.36,9.50806124323413
ridge_alpha1,2,2008-04-25,2008-05-23,11.31,9.757347305670201
ridge_alpha1,2,2008-05-02,2008-05-30,11.67,10.153710238922493
ridge_alpha1,2,2008-05-09,2008-06-06,12.29,10.412050193333114
ridge_alpha1,2,2008-05-16,2008-06-13,12.59,10.709102648014941
ridge_alpha1,2,2008-05-23,2008-06-20,12.88,10.913530545110635
ridge_alpha1,2,2008-05-30,2008-06-27,12.89,10.958299132199697
ridge_alpha1,2,2008-06-06,2008-07-04,13.2,11.293137020129173
ridge_alpha1,2,2008-06-13,2008-07-11,12.3,11.605585691809594
ridge_alpha1,2,2008-06-20,2008-07-18,11.3,11.829388390711959
ridge_alpha1,2,2008-06-27,2008-07-25,9.93,12.16120472497932
ridge_alpha1,2,2008-07-04,2008-08-01,9.15,12.406188823276437
ridge_alpha1,2,2008-07-11,2008-08-08,8.71,12.741174040633716
ridge_alpha1,2,2008-07-18,2008-08-15,8.1,12.352627839467793
ridge_alpha1,2,2008-07-25,2008-08-22,7.9,11.839173750917933
ridge_alpha1,2,2008-08-01,2008-08-29,8.16,10.891201802453363
ridge_alpha1,2,2008-08-08,2008-09-05,7.54,10.080725017672926
ridge_alpha1,2,2008-08-15,2008-09-12,7.69,9.425270349702997
ridge_alpha1,2,2008-08-22,2008-09-19,7.91,8.645094286415741
ridge_alpha1,2,2008-08-29,2008-09-26,7.74,8.197576196420746
ridge_alpha1,2,2008-09-05,2008-10-03,7.3,8.172144201270314
ridge_alpha1,2,2008-09-12,2008-10-10,6.68,7.536616620513688
ridge_alpha1,2,2008-09-19,2008-10-17,6.68,7.555640057108627
ridge_alpha1,2,2008-09-26,2008-10-24,6.75,7.659799915970801
ridge_alpha1,2,2008-10-03,2008-10-31,6.44,7.706320105382342
ridge_alpha1,2,2008-10-10,2008-11-07,6.76,7.604567158224489
ridge_alpha1,2,2008-10-17,2008-11-14,6.68,7.316231451604901
ridge_alpha1,2,2008-10-24,2008-11-21,6.67,7.312321747324237
ridge_alpha1,2,2008-10-31,2008-11-28,6.61,7.292271398619713
ridge_alpha1,2,2008-11-07,2008-12-05,6.44,7.075710171429194
ridge_alpha1,2,2008-11-14,2008-12-12,5.68,7.252022181836583
ridge_alpha1,2,2008-11-21,2008-12-19,5.72,7.1436519055686105
ridge_alpha1,2,2008-11-28,2008-12-26,5.41,7.141478550060323
ridge_alpha1,2,2008-12-05,2009-01-02,5.64,7.167446830281986
ridge_alpha1,2,2008-12-12,2009-01-09,5.88,7.036596651611204
ridge_alpha1,2,2008-12-19,2009-01-16,5.42,6.475042421401087
ridge_alpha1,2,2008-12-26,2009-01-23,4.8,6.484829137163072
ridge_alpha1,2,2009-01-02,2009-01-30,4.74,5.758435816391754
ridge_alpha1,2,2009-01-09,2009-02-06,4.81,5.827199147724182
ridge_alpha1,2,2009-01-16,2009-02-13,4.72,5.911159225334
ridge_alpha1,2,2009-01-23,2009-02-20,4.34,5.555491822729004
ridge_alpha1,2,2009-01-30,2009-02-27,4.15,5.080353894641923
ridge_alpha1,2,2009-02-06,2009-03-06,4.23,5.016004374631144
ridge_alpha1,2,2009-02-13,2009-03-13,3.89,4.955103483370034
ridge_alpha1,2,2009-02-20,2009-03-20,3.8,4.842484926504646
ridge_alpha1,2,2009-02-27,2009-03-27,4.06,4.5491654146677565
ridge_alpha1,2,2009-03-06,2009-04-03,3.62,4.448406662658883
ridge_alpha1,2,2009-03-13,2009-04-10,3.61,4.419147177392925
ridge_alpha1,2,2009-03-20,2009-04-17,3.53,4.098703483933781
ridge_alpha1,2,2009-03-27,2009-04-24,3.45,3.970136614172528
ridge_alpha1,2,2009-04-03,2009-05-01,3.29,4.155839445279659
ridge_alpha1,2,2009-04-10,2009-05-08,3.78,3.853363196172608
ridge_alpha1,2,2009-04-17,2009-05-15,4.24,3.8695558613501833
ridge_alpha1,2,2009-04-24,2009-05-22,3.79,3.770129579307127
ridge_alpha1,2,2009-05-01,2009-05-29,3.58,3.72617278205287
ridge_alpha1,2,2009-05-08,2009-06-05,3.76,3.5966102789078933
ridge_alpha1,2,2009-05-15,2009-06-12,3.53,3.910963994908629
ridge_alpha1,2,2009-05-22,2009-06-19,4.04,4.120129223442036
ridge_alpha1,2,2009-05-29,2009-06-26,3.87,3.8544173206575474
ridge_alpha1,2,2009-06-05,2009-07-03,3.68,3.892627722559953
ridge_alpha1,2,2009-06-12,2009-07-10,3.27,4.015770753039641
ridge_alpha1,2,2009-06-19,2009-07-17,3.29,3.8245912898087164
ridge_alpha1,2,2009-06-26,2009-07-24,3.5,4.115598252708702
ridge_alpha1,2,2009-07-03,2009-07-31,3.41,4.0485380751394064
ridge_alpha1,2,2009-07-10,2009-08-07,3.58,3.954676788105113
ridge_alpha1,2,2009-07-17,2009-08-14,3.39,3.7081320195871283
ridge_alpha1,2,2009-07-24,2009-08-21,3.01,3.6962247563282524
ridge_alpha1,2,2009-07-31,2009-08-28,2.72,3.806921328510739
ridge_alpha1,2,2009-08-07,2009-09-04,2.18,3.753185574607378
ridge_alpha1,2,2009-08-14,2009-09-11,2.69,3.89538685797688
ridge_alpha1,2,2009-08-21,2009-09-18,3.21,3.7766725950466986
ridge_alpha1,2,2009-08-28,2009-09-25,3.46,3.4841169911671193
ridge_alpha1,2,2009-09-04,2009-10-02,3.06,3.278793707033669
ridge_alpha1,2,2009-09-11,2009-10-09,3.6,2.758690527733884
ridge_alpha1,2,2009-09-18,2009-10-16,3.93,3.030699864463739
ridge_alpha1,2,2009-09-25,2009-10-23,4.7,3.258214626992976
ridge_alpha1,2,2009-10-02,2009-10-30,4.37,3.4083423582095
ridge_alpha1,2,2009-10-09,2009-11-06,4.28,3.2608565859839134
ridge_alpha1,2,2009-10-16,2009-11-13,3.38,3.661086560188728
ridge_alpha1,2,2009-10-23,2009-11-20,3.3,3.7870586050527235
ridge_alpha1,2,2009-10-30,2009-11-27,3.52,4.094486699746317
ridge_alpha1,2,2009-11-06,2009-12-04,4.5,3.980285916343094
ridge_alpha1,2,2009-11-13,2009-12-11,5.08,4.028018489327196
ridge_alpha1,2,2009-11-20,2009-12-18,5.61,3.5256731446376532
ridge_alpha1,2,2009-11-27,2009-12-25,5.66,3.521987593941375
ridge_alpha1,2,2009-12-04,2010-01-01,5.88,3.7946546344640097
ridge_alpha1,2,2009-12-11,2010-01-08,6.56,4.340287040499437
ridge_alpha1,2,2009-12-18,2010-01-15,5.68,4.599447384376927
ridge_alpha1,2,2009-12-25,2010-01-22,5.56,4.914991522878496
ridge_alpha1,2,2010-01-01,2010-01-29,5.47,4.5375553820304
ridge_alpha1,2,2010-01-08,2010-02-05,5.47,4.980283677513669
ridge_alpha1,2,2010-01-15,2010-02-12,5.55,5.368845214782057
ridge_alpha1,2,2010-01-22,2010-02-19,5.41,4.834797472894308
ridge_alpha1,2,2010-01-29,2010-02-26,4.87,4.8860697037352265
ridge_alpha1,2,2010-02-05,2010-03-05,4.74,4.923699709495045
ridge_alpha1,2,2010-02-12,2010-03-12,4.45,5.046990275234924
ridge_alpha1,2,2010-02-19,2010-03-19,4.23,5.298899007228292
ridge_alpha1,2,2010-02-26,2010-03-26,4.01,5.460350838440485
ridge_alpha1,2,2010-03-05,2010-04-02,3.82,5.227722588730472
ridge_alpha1,2,2010-03-12,2010-04-09,4.0,5.113557979093793
ridge_alpha1,2,2010-03-19,2010-04-16,4.06,4.791003093141991
ridge_alpha1,2,2010-03-26,2010-04-23,3.99,4.5178811941708865
ridge_alpha1,2,2010-04-02,2010-04-30,4.16,4.30495599285106
ridge_alpha1,2,2010-04-09,2010-05-07,3.94,4.122245878129461
ridge_alpha1,2,2010-04-16,2010-05-14,4.19,4.161502127199836
ridge_alpha1,2,2010-04-23,2010-05-21,4.26,4.130429321840809
ridge_alpha1,2,2010-04-30,2010-05-28,4.18,4.053630120052316
ridge_alpha1,2,2010-05-07,2010-06-04,4.44,4.239594645955739
ridge_alpha1,2,2010-05-14,2010-06-11,4.73,4.126855536349573
ridge_alpha1,2,2010-05-21,2010-06-18,5.1,4.36055863230118
ridge_alpha1,2,2010-05-28,2010-06-25,4.93,4.423847849488571
ridge_alpha1,2,2010-06-04,2010-07-02,4.66,4.463692632790465
ridge_alpha1,2,2010-06-11,2010-07-09,4.65,4.647704920533682
ridge_alpha1,2,2010-06-18,2010-07-16,4.48,4.745658865358468
ridge_alpha1,2,2010-06-25,2010-07-23,4.64,4.882025269917019
ridge_alpha1,2,2010-07-02,2010-07-30,4.75,4.88402965777246
ridge_alpha1,2,2010-07-09,2010-08-06,4.8,4.809928473664202
ridge_alpha1,2,2010-07-16,2010-08-13,4.42,4.853732910249246
ridge_alpha1,2,2010-07-23,2010-08-20,4.3,4.756103474551689
ridge_alpha1,2,2010-07-30,2010-08-27,3.96,4.86719623700601
ridge_alpha1,2,2010-08-06,2010-09-03,3.76,5.019622169675364
ridge_alpha1,2,2010-08-13,2010-09-10,3.8,5.067038315122381
ridge_alpha1,2,2010-08-20,2010-09-17,4.01,4.870217346362307
ridge_alpha1,2,2010-08-27,2010-09-24,4.01,4.832724473413585
ridge_alpha1,2,2010-09-03,2010-10-01,3.79,4.584750847669778
ridge_alpha1,2,2010-09-10,2010-10-08,3.52,4.350660240936327
ridge_alpha1,2,2010-09-17,2010-10-15,3.49,4.310173897147544
ridge_alpha1,2,2010-09-24,2010-10-22,3.37,4.389716415527436
ridge_alpha1,2,2010-10-01,2010-10-29,3.31,4.396378197853967
ridge_alpha1,2,2010-10-08,2010-11-05,3.39,4.249087022983772
ridge_alpha1,2,2010-10-15,2010-11-12,3.7,4.041344638294773
ridge_alpha1,2,2010-10-22,2010-11-19,3.73,3.9769872573171723
ridge_alpha1,2,2010-10-29,2010-11-26,3.9,3.850952594109747
ridge_alpha1,2,2010-11-05,2010-12-03,4.2,3.8609733094678558
ridge_alpha1,2,2010-11-12,2010-12-10,4.46,3.8995771834738666
ridge_alpha1,2,2010-11-19,2010-12-17,4.26,4.074903908576424
ridge_alpha1,2,2010-11-26,2010-12-24,4.09,4.074667715416668
ridge_alpha1,2,2010-12-03,2010-12-31,4.16,4.248836102708428
ridge_alpha1,2,2010-12-10,2011-01-07,4.52,4.421752907640589
ridge_alpha1,2,2010-12-17,2011-01-14,4.46,4.524283994819992
ridge_alpha1,2,2010-12-24,2011-01-21,4.57,4.425438125504143
ridge_alpha1,2,2010-12-31,2011-01-28,4.45,4.382246785291909
ridge_alpha1,2,2011-01-07,2011-02-04,4.51,4.055400108799232
ridge_alpha1,2,2011-01-14,2011-02-11,4.17,4.238775738536088
ridge_alpha1,2,2011-01-21,2011-02-18,3.9,4.210543588176064
ridge_alpha1,2,2011-01-28,2011-02-25,3.84,4.372046977794709
ridge_alpha1,2,2011-02-04,2011-03-04,3.82,4.4722066295599685
ridge_alpha1,2,2011-02-11,2011-03-11,3.8,4.561128088152639
ridge_alpha1,2,2011-02-18,2011-03-18,3.88,4.3940944281476115
ridge_alpha1,2,2011-02-25,2011-03-25,4.12,4.225228758960459
ridge_alpha1,2,2011-03-04,2011-04-01,4.3,4.191982040554377
ridge_alpha1,2,2011-03-11,2011-04-08,4.15,4.113551136390891
ridge_alpha1,2,2011-03-18,2011-04-15,4.12,4.054480569125602
ridge_alpha1,2,2011-03-25,2011-04-22,4.27,4.078698455634252
ridge_alpha1,2,2011-04-01,2011-04-29,4.39,4.248378688270151
ridge_alpha1,2,2011-04-08,2011-05-06,4.5,4.33939020227857
ridge_alpha1,2,2011-04-15,2011-05-13,4.18,4.271163732558657
ridge_alpha1,2,2011-04-22,2011-05-20,4.15,4.314918854886852
ridge_alpha1,2,2011-04-29,2011-05-27,4.35,4.416549198641239
ridge_alpha1,2,2011-05-06,2011-06-03,4.65,4.52250626969402
ridge_alpha1,2,2011-05-13,2011-06-10,4.83,4.564194105004187
ridge_alpha1,2,2011-05-20,2011-06-17,4.56,4.402265728815522
ridge_alpha1,2,2011-05-27,2011-06-24,4.33,4.430051503749062
ridge_alpha1,2,2011-06-03,2011-07-01,4.32,4.6182548930148934
ridge_alpha1,2,2011-06-10,2011-07-08,4.3,4.768102543136497
ridge_alpha1,2,2011-06-17,2011-07-15,4.41,4.86737616060545
ridge_alpha1,2,2011-06-24,2011-07-22,4.58,4.759716735568
ridge_alpha1,2,2011-07-01,2011-07-29,4.4,4.723180239499818
ridge_alpha1,2,2011-07-08,2011-08-05,4.21,4.7303022617653365
ridge_alpha1,2,2011-07-15,2011-08-12,4.08,4.7085091052563985
ridge_alpha1,2,2011-07-22,2011-08-19,4.01,4.767447406234819
ridge_alpha1,2,2011-07-29,2011-08-26,4.01,4.848479095345876
ridge_alpha1,2,2011-08-05,2011-09-02,4.01,4.788761312846535
ridge_alpha1,2,2011-08-12,2011-09-09,3.96,4.69940755022543
ridge_alpha1,2,2011-08-19,2011-09-16,3.95,4.611980493787772
ridge_alpha1,2,2011-08-26,2011-09-23,3.77,4.5177158552319465
ridge_alpha1,2,2011-09-02,2011-09-30,3.81,4.531775381589868
ridge_alpha1,2,2011-09-09,2011-10-07,3.53,4.525568284813745
ridge_alpha1,2,2011-09-16,2011-10-14,3.48,4.473513245435899
ridge_alpha1,2,2011-09-23,2011-10-21,3.62,4.446458710393764
ridge_alpha1,2,2011-09-30,2011-10-28,3.62,4.287991485929912
ridge_alpha1,2,2011-10-07,2011-11-04,3.47,4.343022425361971
ridge_alpha1,2,2011-10-14,2011-11-11,3.42,4.102153829710075
ridge_alpha1,2,2011-10-21,2011-11-18,3.1,4.051504225378311
ridge_alpha1,3,2011-10-28,2011-11-25,2.92,3.98101479455768
ridge_alpha1,3,2011-11-04,2011-12-02,3.37,3.9588270779033787
ridge_alpha1,3,2011-11-11,2011-12-09,3.39,3.8365668737794474
ridge_alpha1,3,2011-11-18,2011-12-16,3.08,3.8142624015181545
ridge_alpha1,3,2011-11-25,2011-12-23,3.04,3.532256916865337
ridge_alpha1,3,2011-12-02,2011-12-30,3.04,3.3832758818452637
ridge_alpha1,3,2011-12-09,2012-01-06,2.92,3.7197813873788315
ridge_alpha1,3,2011-12-16,2012-01-13,2.81,3.665658515828561
ridge_alpha1,3,2011-12-23,2012-01-20,2.4,3.425245647784001
ridge_alpha1,3,2011-12-30,2012-01-27,2.57,3.470749313954686
ridge_alpha1,3,2012-01-06,2012-02-03,2.45,3.230375130888382
ridge_alpha1,3,2012-01-13,2012-02-10,2.51,3.0913190543502083
ridge_alpha1,3,2012-01-20,2012-02-17,2.52,3.003200097123064
ridge_alpha1,3,2012-01-27,2012-02-24,2.63,2.652839447650674
ridge_alpha1,3,2012-02-03,2012-03-02,2.45,2.8008217047131323
ridge_alpha1,3,2012-02-10,2012-03-09,2.26,2.64709911559247
ridge_alpha1,3,2012-02-17,2012-03-16,2.11,2.6515315153292764
ridge_alpha1,3,2012-02-24,2012-03-23,2.16,2.6522404932731662
ridge_alpha1,3,2012-03-02,2012-03-30,2.06,2.7543504164466857
ridge_alpha1,3,2012-03-09,2012-04-06,1.97,2.635760523828874
ridge_alpha1,3,2012-03-16,2012-04-13,1.93,2.50357563857806
ridge_alpha1,3,2012-03-23,2012-04-20,1.86,2.3929770215344814
ridge_alpha1,3,2012-03-30,2012-04-27,2.0,2.4189313934809236
ridge_alpha1,3,2012-04-06,2012-05-04,2.26,2.3292838944236984
ridge_alpha1,3,2012-04-13,2012-05-11,2.33,2.248426139052266
ridge_alpha1,3,2012-04-20,2012-05-18,2.49,2.2030644008640854
ridge_alpha1,3,2012-04-27,2012-05-25,2.59,2.121114998288648
ridge_alpha1,3,2012-05-04,2012-06-01,2.37,2.233432740824286
ridge_alpha1,3,2012-05-11,2012-06-08,2.33,2.4117653072701044
ridge_alpha1,3,2012-05-18,2012-06-15,2.24,2.447958630081875
ridge_alpha1,3,2012-05-25,2012-06-22,2.52,2.601068415269683
ridge_alpha1,3,2012-06-01,2012-06-29,2.76,2.7026746657029217
ridge_alpha1,3,2012-06-08,2012-07-06,2.84,2.5440019528874322
ridge_alpha1,3,2012-06-15,2012-07-13,2.82,2.557001387283118
ridge_alpha1,3,2012-06-22,2012-07-20,2.92,2.4940624798106725
ridge_alpha1,3,2012-06-29,2012-07-27,3.13,2.685563287815476
ridge_alpha1,3,2012-07-06,2012-08-03,3.12,2.8449710112918205
ridge_alpha1,3,2012-07-13,2012-08-10,2.92,2.893196442301225
ridge_alpha1,3,2012-07-20,2012-08-17,2.77,2.945025111586661
ridge_alpha1,3,2012-07-27,2012-08-24,2.79,3.073863140818786
ridge_alpha1,3,2012-08-03,2012-08-31,2.72,3.2382781133724166
ridge_alpha1,3,2012-08-10,2012-09-07,2.82,3.2148487195288245
ridge_alpha1,3,2012-08-17,2012-09-14,2.88,3.0939222978731533
ridge_alpha1,3,2012-08-24,2012-09-21,2.76,3.024546616330877
ridge_alpha1,3,2012-08-31,2012-09-28,2.93,3.0611726689086245
ridge_alpha1,3,2012-09-07,2012-10-05,3.22,3.025638209864136
ridge_alpha1,3,2012-09-14,2012-10-12,3.26,3.1448855529443613
ridge_alpha1,3,2012-09-21,2012-10-19,3.31,3.205104842963424
ridge_alpha1,3,2012-09-28,2012-10-26,3.41,3.108000683048796
ridge_alpha1,3,2012-10-05,2012-11-02,3.44,3.2790913791748637
ridge_alpha1,3,2012-10-12,2012-11-09,3.4,3.4668071864202163
ridge_alpha1,3,2012-10-19,2012-11-16,3.54,3.454459875724636
ridge_alpha1,3,2012-10-26,2012-11-23,3.61,3.5117093222583486
ridge_alpha1,3,2012-11-02,2012-11-30,3.66,3.6199651815197207
ridge_alpha1,3,2012-11-09,2012-12-07,3.41,3.629209130122182
ridge_alpha1,3,2012-11-16,2012-12-14,3.3,3.6128587212703582
ridge_alpha1,3,2012-11-23,2012-12-21,3.3,3.7359860533227307
ridge_alpha1,3,2012-11-30,2012-12-28,3.34,3.7916958849614213
ridge_alpha1,3,2012-12-07,2013-01-04,3.28,3.858130836415025
ridge_alpha1,3,2012-12-14,2013-01-11,3.18,3.71037606406009
ridge_alpha1,3,2012-12-21,2013-01-18,3.44,3.707725629534856
ridge_alpha1,3,2012-12-28,2013-01-25,3.54,3.7486719122848604
ridge_alpha1,3,2013-01-04,2013-02-01,3.26,3.5360186486717
ridge_alpha1,3,2013-01-11,2013-02-08,3.33,3.4783070854623714
ridge_alpha1,3,2013-01-18,2013-02-15,3.26,3.3997883766628
ridge_alpha1,3,2013-01-25,2013-02-22,3.28,3.603233452322754
ridge_alpha1,3,2013-02-01,2013-03-01,3.48,3.6607200100697552
ridge_alpha1,3,2013-02-08,2013-03-08,3.57,3.439442198355913
ridge_alpha1,3,2013-02-15,2013-03-15,3.74,3.549487607566231
ridge_alpha1,3,2013-02-22,2013-03-22,3.99,3.4914041154482356
ridge_alpha1,3,2013-03-01,2013-03-29,4.05,3.524379190396427
ridge_alpha1,3,2013-03-08,2013-04-05,3.99,3.6712973340287256
ridge_alpha1,3,2013-03-15,2013-04-12,4.13,3.7058396523909014
ridge_alpha1,3,2013-03-22,2013-04-19,4.25,3.8182270487185037
ridge_alpha1,3,2013-03-29,2013-04-26,4.24,3.9814247255458435
ridge_alpha1,3,2013-04-05,2013-05-03,4.23,4.0231505398734795
ridge_alpha1,3,2013-04-12,2013-05-10,3.89,4.010902081472683
ridge_alpha1,3,2013-04-19,2013-05-17,3.95,4.140499708698792
ridge_alpha1,3,2013-04-26,2013-05-24,4.14,4.205862837003148
ridge_alpha1,3,2013-05-03,2013-05-31,4.12,4.2196373716483215
ridge_alpha1,3,2013-05-10,2013-06-07,3.94,4.252576007094957
ridge_alpha1,3,2013-05-17,2013-06-14,3.77,4.048943150258051
ridge_alpha1,3,2013-05-24,2013-06-21,3.87,4.171061385069577
ridge_alpha1,3,2013-05-31,2013-06-28,3.72,4.327005596962033
ridge_alpha1,3,2013-06-07,2013-07-05,3.54,4.321439376131572
ridge_alpha1,3,2013-06-14,2013-07-12,3.66,4.225591396043422
ridge_alpha1,3,2013-06-21,2013-07-19,3.69,4.113716364869692
ridge_alpha1,3,2013-06-28,2013-07-26,3.67,4.1846297455884836
ridge_alpha1,3,2013-07-05,2013-08-02,3.45,4.0383056888284985
ridge_alpha1,3,2013-07-12,2013-08-09,3.32,3.8703489485055105
ridge_alpha1,3,2013-07-19,2013-08-16,3.35,3.971596310571388
ridge_alpha1,3,2013-07-26,2013-08-23,3.49,3.9608731407412456
ridge_alpha1,3,2013-08-02,2013-08-30,3.55,3.956125180137678
ridge_alpha1,3,2013-08-09,2013-09-06,3.64,3.784534604643119
ridge_alpha1,3,2013-08-16,2013-09-13,3.61,3.6796014280700673
ridge_alpha1,3,2013-08-23,2013-09-20,3.71,3.696072178269012
ridge_alpha1,3,2013-08-30,2013-09-27,3.55,3.7850135769512434
ridge_alpha1,3,2013-09-06,2013-10-04,3.56,3.8342738394693177
ridge_alpha1,3,2013-09-13,2013-10-11,3.7,3.9093750635788225
ridge_alpha1,3,2013-09-20,2013-10-18,3.79,3.9109351319045134
ridge_alpha1,3,2013-09-27,2013-10-25,3.69,3.9995634038573176
ridge_alpha1,3,2013-10-04,2013-11-01,3.55,3.8992994446949023
ridge_alpha1,3,2013-10-11,2013-11-08,3.47,3.9233807502449163
ridge_alpha1,3,2013-10-18,2013-11-15,3.62,4.029131638159798
ridge_alpha1,3,2013-10-25,2013-11-22,3.68,4.0604447364425145
ridge_alpha1,3,2013-11-01,2013-11-29,3.87,4.009225294320732
ridge_alpha1,3,2013-11-08,2013-12-06,3.94,3.9510859675204646
ridge_alpha1,3,2013-11-15,2013-12-13,4.31,3.9211130921920923
ridge_alpha1,3,2013-11-22,2013-12-20,4.25,4.029777197652218
ridge_alpha1,3,2013-11-29,2013-12-27,4.45,4.045516354084844
ridge_alpha1,3,2013-12-06,2014-01-03,4.36,4.187886680113917
ridge_alpha1,3,2013-12-13,2014-01-10,4.31,4.231937341143273
ridge_alpha1,3,2013-12-20,2014-01-17,4.39,4.470228282062529
ridge_alpha1,3,2013-12-27,2014-01-24,5.08,4.406333117036441
ridge_alpha1,3,2014-01-03,2014-01-31,5.29,4.348586137823352
ridge_alpha1,3,2014-01-10,2014-02-07,6.35,4.297460109995026
ridge_alpha1,3,2014-01-17,2014-02-14,6.55,4.2700940451861715
ridge_alpha1,3,2014-01-24,2014-02-21,6.0,4.3563251830906795
ridge_alpha1,3,2014-01-31,2014-02-28,5.1,4.820584145737948
ridge_alpha1,3,2014-02-07,2014-03-07,6.24,4.925777330631353
ridge_alpha1,3,2014-02-14,2014-03-14,4.58,5.636623758726884
ridge_alpha1,3,2014-02-21,2014-03-21,4.43,5.730080731282407
ridge_alpha1,3,2014-02-28,2014-03-28,4.46,5.40076412910611
ridge_alpha1,3,2014-03-07,2014-04-04,4.45,4.968594253882075
ridge_alpha1,3,2014-03-14,2014-04-11,4.63,5.9004329550143915
ridge_alpha1,3,2014-03-21,2014-04-18,4.65,4.479647396463546
ridge_alpha1,3,2014-03-28,2014-04-25,4.8,4.470542046830139
ridge_alpha1,3,2014-04-04,2014-05-02,4.76,4.571170417546923
ridge_alpha1,3,2014-04-11,2014-05-09,4.74,4.4021137708269125
ridge_alpha1,3,2014-04-18,2014-05-16,4.46,4.53744498446253
ridge_alpha1,3,2014-04-25,2014-05-23,4.52,4.522364297632606
ridge_alpha1,3,2014-05-02,2014-05-30,4.52,4.646648921345918
ridge_alpha1,3,2014-05-09,2014-06-06,4.61,4.648773427395499
ridge_alpha1,3,2014-05-16,2014-06-13,4.61,4.716603111807296
ridge_alpha1,3,2014-05-23,2014-06-20,4.66,4.5587996546883485
ridge_alpha1,3,2014-05-30,2014-06-27,4.52,4.618285592997793
ridge_alpha1,3,2014-06-06,2014-07-04,4.41,4.8068913162866505
ridge_alpha1,3,2014-06-13,2014-07-11,4.19,4.8487115563342815
ridge_alpha1,3,2014-06-20,2014-07-18,4.11,4.855838481862258
ridge_alpha1,3,2014-06-27,2014-07-25,3.84,4.904934788666501
ridge_alpha1,3,2014-07-04,2014-08-01,3.79,4.830837732822546
ridge_alpha1,3,2014-07-11,2014-08-08,3.92,4.74984332921347
ridge_alpha1,3,2014-07-18,2014-08-15,3.9,4.557850733036068
ridge_alpha1,3,2014-07-25,2014-08-22,3.85,4.47082043955057
ridge_alpha1,3,2014-08-01,2014-08-29,4.01,4.222527716085835
ridge_alpha1,3,2014-08-08,2014-09-05,3.93,4.14536115937409
ridge_alpha1,3,2014-08-15,2014-09-12,3.91,4.205198801392939
ridge_alpha1,3,2014-08-22,2014-09-19,3.95,4.133170199576816
ridge_alpha1,3,2014-08-29,2014-09-26,3.88,4.084580051204481
ridge_alpha1,3,2014-09-05,2014-10-03,4.02,4.2446612839479725
ridge_alpha1,3,2014-09-12,2014-10-10,3.87,4.174536403463081
ridge_alpha1,3,2014-09-19,2014-10-17,3.82,4.19271250167022
ridge_alpha1,3,2014-09-26,2014-10-24,3.63,4.263926240759063
ridge_alpha1,3,2014-10-03,2014-10-31,3.65,4.246768339333912
ridge_alpha1,3,2014-10-10,2014-11-07,3.83,4.369739510101423
ridge_alpha1,3,2014-10-17,2014-11-14,4.16,4.255485029944509
ridge_alpha1,3,2014-10-24,2014-11-21,4.34,4.229106950268616
ridge_alpha1,3,2014-10-31,2014-11-28,4.16,4.076958787339649
ridge_alpha1,3,2014-11-07,2014-12-05,3.75,4.093936777971921
ridge_alpha1,3,2014-11-14,2014-12-12,3.66,4.211120949968426
ridge_alpha1,3,2014-11-21,2014-12-19,3.69,4.408149888351428
ridge_alpha1,3,2014-11-28,2014-12-26,2.94,4.500075921266081
ridge_alpha1,3,2014-12-05,2015-01-02,3.09,4.402859957873425
ridge_alpha1,3,2014-12-12,2015-01-09,3.03,4.150193780864244
ridge_alpha1,3,2014-12-19,2015-01-16,3.08,4.1164787816914385
ridge_alpha1,3,2014-12-26,2015-01-23,2.95,4.102026177148564
ridge_alpha1,3,2015-01-02,2015-01-30,2.91,3.1831088277692663
ridge_alpha1,3,2015-01-09,2015-02-06,2.72,3.3102589933067166
ridge_alpha1,3,2015-01-16,2015-02-13,2.75,3.182007873391682
ridge_alpha1,3,2015-01-23,2015-02-20,2.9,3.1313960400453875
ridge_alpha1,3,2015-01-30,2015-02-27,3.13,3.01187576304894
ridge_alpha1,3,2015-02-06,2015-03-06,3.04,2.9814694542573763
ridge_alpha1,3,2015-02-13,2015-03-13,2.76,2.823258512378278
ridge_alpha1,3,2015-02-20,2015-03-20,2.8,2.867211260840712
ridge_alpha1,3,2015-02-27,2015-03-27,2.79,3.003061889909611
ridge_alpha1,3,2015-03-06,2015-04-03,2.64,3.1852561584386483
ridge_alpha1,3,2015-03-13,2015-04-10,2.67,3.1369074452743773
ridge_alpha1,3,2015-03-20,2015-04-17,2.61,3.013404481444551
ridge_alpha1,3,2015-03-27,2015-04-24,2.6,3.082101066352273
ridge_alpha1,3,2015-04-03,2015-05-01,2.57,3.0664075301492972
ridge_alpha1,3,2015-04-10,2015-05-08,2.75,2.915622315759505
ridge_alpha1,3,2015-04-17,2015-05-15,2.88,2.9517947806535894
ridge_alpha1,3,2015-04-24,2015-05-22,2.99,2.886163550147612
ridge_alpha1,3,2015-05-01,2015-05-29,2.8,2.8809001620044374
ridge_alpha1,3,2015-05-08,2015-06-05,2.65,2.851245573874461
ridge_alpha1,3,2015-05-15,2015-06-12,2.78,2.9805769784919516
ridge_alpha1,3,2015-05-22,2015-06-19,2.9,3.0586453291765494
ridge_alpha1,3,2015-05-29,2015-06-26,2.8,3.1459554540755676
ridge_alpha1,3,2015-06-05,2015-07-03,2.79,3.0536429546766755
ridge_alpha1,3,2015-06-12,2015-07-10,2.75,2.97420114738608
ridge_alpha1,3,2015-06-19,2015-07-17,2.89,3.0870685115260823
ridge_alpha1,3,2015-06-26,2015-07-24,2.88,3.1349483386414443
ridge_alpha1,3,2015-07-03,2015-07-31,2.87,3.063509596503131
ridge_alpha1,3,2015-07-10,2015-08-07,2.8,3.0885524086602407
ridge_alpha1,3,2015-07-17,2015-08-14,2.88,3.0746811668051217
ridge_alpha1,3,2015-07-24,2015-08-21,2.75,3.1809449453590712
ridge_alpha1,3,2015-07-31,2015-08-28,2.69,3.1764604832392918
ridge_alpha1,3,2015-08-07,2015-09-04,2.69,3.1948337900984294
ridge_alpha1,3,2015-08-14,2015-09-11,2.7,3.1580545882260624
ridge_alpha1,3,2015-08-21,2015-09-18,2.7,3.2293415999463586
ridge_alpha1,3,2015-08-28,2015-09-25,2.61,3.1186218100045635
ridge_alpha1,3,2015-09-04,2015-10-02,2.49,3.1055952683794903
ridge_alpha1,3,2015-09-11,2015-10-09,2.38,3.106601998841416
ridge_alpha1,3,2015-09-18,2015-10-16,2.48,3.095840543016298
ridge_alpha1,3,2015-09-25,2015-10-23,2.38,3.085243686468922
ridge_alpha1,3,2015-10-02,2015-10-30,2.12,3.026433182950698
ridge_alpha1,3,2015-10-09,2015-11-06,2.02,2.9238291329548973
ridge_alpha1,3,2015-10-16,2015-11-13,2.11,2.8223236849931754
ridge_alpha1,3,2015-10-23,2015-11-20,2.09,2.8853328193380396
ridge_alpha1,3,2015-10-30,2015-11-27,2.15,2.7736002815741023
ridge_alpha1,3,2015-11-06,2015-12-04,2.13,2.5618214595422746
ridge_alpha1,3,2015-11-13,2015-12-11,1.96,2.4844976890271933
ridge_alpha1,3,2015-11-20,2015-12-18,1.72,2.522810805238337
ridge_alpha1,3,2015-11-27,2015-12-25,1.68,2.4569397798604338
ridge_alpha1,3,2015-12-04,2016-01-01,2.27,2.513721361003397
ridge_alpha1,3,2015-12-11,2016-01-08,2.38,2.505778676326673
ridge_alpha1,3,2015-12-18,2016-01-15,2.32,2.3800750070424845
ridge_alpha1,3,2015-12-25,2016-01-22,2.2,2.1976890347956606
ridge_alpha1,3,2016-01-01,2016-01-29,2.22,1.9463023310534613
ridge_alpha1,3,2016-01-08,2016-02-05,2.11,2.3526724917826147
ridge_alpha1,3,2016-01-15,2016-02-12,2.16,2.3607225079545078
ridge_alpha1,3,2016-01-22,2016-02-19,1.94,2.3350876734106873
ridge_alpha1,3,2016-01-29,2016-02-26,1.82,2.323696123591343
ridge_alpha1,3,2016-02-05,2016-03-04,1.57,2.378671213438637
ridge_alpha1,3,2016-02-12,2016-03-11,1.64,2.2828485873710767
ridge_alpha1,3,2016-02-19,2016-03-18,1.79,2.319466840372933
ridge_alpha1,3,2016-02-26,2016-03-25,1.79,2.1409149545644857
ridge_alpha1,3,2016-03-04,2016-04-01,1.86,2.0681483553374043
ridge_alpha1,3,2016-03-11,2016-04-08,1.96,1.8564790448256496
ridge_alpha1,3,2016-03-18,2016-04-15,1.9,1.896267542412204
ridge_alpha1,3,2016-03-25,2016-04-22,1.91,1.98588273312164
ridge_alpha1,3,2016-04-01,2016-04-29,1.92,1.963616303654291
ridge_alpha1,3,2016-04-08,2016-05-06,1.96,2.039499093471082
ridge_alpha1,3,2016-04-15,2016-05-13,2.0,2.1362302619056384
ridge_alpha1,3,2016-04-22,2016-05-20,1.89,2.0932564870736723
ridge_alpha1,3,2016-04-29,2016-05-27,1.84,2.131074115020232
ridge_alpha1,3,2016-05-06,2016-06-03,2.15,2.1719301792720977
ridge_alpha1,3,2016-05-13,2016-06-10,2.36,2.208754480314249
ridge_alpha1,3,2016-05-20,2016-06-17,2.59,2.234145180529779
ridge_alpha1,3,2016-05-27,2016-06-24,2.75,2.1525252643536454
ridge_alpha1,3,2016-06-03,2016-07-01,2.89,2.173612018786798
ridge_alpha1,3,2016-06-10,2016-07-08,2.82,2.413576614718036
ridge_alpha1,3,2016-06-17,2016-07-15,2.81,2.5021447681727906
ridge_alpha1,3,2016-06-24,2016-07-22,2.79,2.631592671943242
ridge_alpha1,3,2016-07-01,2016-07-29,2.85,2.7641502363530224
ridge_alpha1,3,2016-07-08,2016-08-05,2.88,2.860385106169843
ridge_alpha1,3,2016-07-15,2016-08-12,2.77,2.825649819930888
ridge_alpha1,3,2016-07-22,2016-08-19,2.73,2.854961636399691
ridge_alpha1,3,2016-07-29,2016-08-26,2.82,2.866882275180217
ridge_alpha1,3,2016-08-05,2016-09-02,2.94,2.9421711752711848
ridge_alpha1,3,2016-08-12,2016-09-09,2.87,2.978720649334844
ridge_alpha1,3,2016-08-19,2016-09-16,3.02,2.9412273284307395
ridge_alpha1,4,2016-08-26,2016-09-23,3.11,2.9182978717951658
ridge_alpha1,4,2016-09-02,2016-09-30,3.01,3.0491505829113703
ridge_alpha1,4,2016-09-09,2016-10-07,2.91,3.1581602806898132
ridge_alpha1,4,2016-09-16,2016-10-14,3.17,3.114961647905692
ridge_alpha1,4,2016-09-23,2016-10-21,3.14,3.2455244286759988
ridge_alpha1,4,2016-09-30,2016-10-28,2.72,3.297942462593272
ridge_alpha1,4,2016-10-07,2016-11-04,2.5,3.2220087188759052
ridge_alpha1,4,2016-10-14,2016-11-11,2.22,3.1785718180552522
ridge_alpha1,4,2016-10-21,2016-11-18,2.44,3.3834304202033474
ridge_alpha1,4,2016-10-28,2016-11-25,2.76,3.3220371245108473
ridge_alpha1,4,2016-11-04,2016-12-02,3.21,3.0030449110673962
ridge_alpha1,4,2016-11-11,2016-12-09,3.69,2.8694784427735316
ridge_alpha1,4,2016-11-18,2016-12-16,3.57,2.6006557097743666
ridge_alpha1,4,2016-11-25,2016-12-23,3.51,2.7228187817578897
ridge_alpha1,4,2016-12-02,2016-12-30,3.69,2.9175285171759597
ridge_alpha1,4,2016-12-09,2017-01-06,3.47,3.2007339036966584
ridge_alpha1,4,2016-12-16,2017-01-13,3.27,3.5292006867390944
ridge_alpha1,4,2016-12-23,2017-01-20,3.29,3.4418609769261996
ridge_alpha1,4,2016-12-30,2017-01-27,3.27,3.475139745392428
ridge_alpha1,4,2017-01-06,2017-02-03,3.12,3.5248396674422002
ridge_alpha1,4,2017-01-13,2017-02-10,3.04,3.3244618630151805
ridge_alpha1,4,2017-01-20,2017-02-17,2.87,3.191369219680954
ridge_alpha1,4,2017-01-27,2017-02-24,2.62,3.246106929532543
ridge_alpha1,4,2017-02-03,2017-03-03,2.52,3.240219887257462
ridge_alpha1,4,2017-02-10,2017-03-10,2.75,3.180186737846361
ridge_alpha1,4,2017-02-17,2017-03-17,2.96,3.1920316126667023
ridge_alpha1,4,2017-02-24,2017-03-24,2.99,3.0718631786549135
ridge_alpha1,4,2017-03-03,2017-03-31,3.03,2.8363168694361693
ridge_alpha1,4,2017-03-10,2017-04-07,3.18,2.727686980963006
ridge_alpha1,4,2017-03-17,2017-04-14,3.05,2.874148251070019
ridge_alpha1,4,2017-03-24,2017-04-21,3.1,2.9858218254204245
ridge_alpha1,4,2017-03-31,2017-04-28,3.09,3.0135460752229783
ridge_alpha1,4,2017-04-07,2017-05-05,3.14,3.102007644302945
ridge_alpha1,4,2017-04-14,2017-05-12,3.12,3.2415951138459214
ridge_alpha1,4,2017-04-21,2017-05-19,3.21,3.144120534689347
ridge_alpha1,4,2017-04-28,2017-05-26,3.18,3.2125897540806507
ridge_alpha1,4,2017-05-05,2017-06-02,3.03,3.2210558076589244
ridge_alpha1,4,2017-05-12,2017-06-09,2.98,3.2472667868839675
ridge_alpha1,4,2017-05-19,2017-06-16,3.03,3.235026160583584
ridge_alpha1,4,2017-05-26,2017-06-23,2.89,3.3244375614389874
ridge_alpha1,4,2017-06-02,2017-06-30,3.01,3.3549838424155576
ridge_alpha1,4,2017-06-09,2017-07-07,2.95,3.274250491677946
ridge_alpha1,4,2017-06-16,2017-07-14,2.96,3.2586971044689816
ridge_alpha1,4,2017-06-23,2017-07-21,3.09,3.295131608610916
ridge_alpha1,4,2017-06-30,2017-07-28,2.96,3.1549303125800643
ridge_alpha1,4,2017-07-07,2017-08-04,2.8,3.263050032944918
ridge_alpha1,4,2017-07-14,2017-08-11,2.85,3.202401725668791
ridge_alpha1,4,2017-07-21,2017-08-18,2.95,3.2030165283242664
ridge_alpha1,4,2017-07-28,2017-08-25,2.97,3.3114935299397232
ridge_alpha1,4,2017-08-04,2017-09-01,2.93,3.2029372114374803
ridge_alpha1,4,2017-08-11,2017-09-08,2.91,3.0850529358061745
ridge_alpha1,4,2017-08-18,2017-09-15,2.96,3.1461972009128614
ridge_alpha1,4,2017-08-25,2017-09-22,3.09,3.2079590722516533
ridge_alpha1,4,2017-09-01,2017-09-29,2.96,3.209438723275209
ridge_alpha1,4,2017-09-08,2017-10-06,2.84,3.188502904704372
ridge_alpha1,4,2017-09-15,2017-10-13,2.92,3.1903821488438453
ridge_alpha1,4,2017-09-22,2017-10-20,2.84,3.2328931106750884
ridge_alpha1,4,2017-09-29,2017-10-27,2.91,3.317326941275554
ridge_alpha1,4,2017-10-06,2017-11-03,2.78,3.216928169563773
ridge_alpha1,4,2017-10-13,2017-11-10,3.12,3.143057281539467
ridge_alpha1,4,2017-10-20,2017-11-17,3.1,3.227495847907755
ridge_alpha1,4,2017-10-27,2017-11-24,3.05,3.1393430471627264
ridge_alpha1,4,2017-11-03,2017-12-01,2.94,3.205765343222555
ridge_alpha1,4,2017-11-10,2017-12-08,2.84,3.100191367430196
ridge_alpha1,4,2017-11-17,2017-12-15,2.77,3.3543431745346215
ridge_alpha1,4,2017-11-24,2017-12-22,2.69,3.3086862427823456
ridge_alpha1,4,2017-12-01,2017-12-29,3.03,3.2824597823037367
ridge_alpha1,4,2017-12-08,2018-01-05,5.71,3.2428330513364347
ridge_alpha1,4,2017-12-15,2018-01-12,3.24,3.1668629006667315
ridge_alpha1,4,2017-12-22,2018-01-19,4.12,3.1071242501015894
ridge_alpha1,4,2017-12-29,2018-01-26,3.43,3.024295557824668
ridge_alpha1,4,2018-01-05,2018-02-02,3.3,3.144354069977396
ridge_alpha1,4,2018-01-12,2018-02-09,2.75,4.768814478186165
ridge_alpha1,4,2018-01-19,2018-02-16,2.54,2.687242309607829
ridge_alpha1,4,2018-01-26,2018-02-23,2.62,3.722946717736571
ridge_alpha1,4,2018-02-02,2018-03-02,2.64,3.3292823528923794
ridge_alpha1,4,2018-02-09,2018-03-09,2.74,3.0893936021902664
ridge_alpha1,4,2018-02-16,2018-03-16,2.71,2.7282631391821868
ridge_alpha1,4,2018-02-23,2018-03-23,2.66,2.5176620292278713
ridge_alpha1,4,2018-03-02,2018-03-30,2.67,2.5551814143940117
ridge_alpha1,4,2018-03-09,2018-04-06,2.79,2.4954005669686787
ridge_alpha1,4,2018-03-16,2018-04-13,2.78,2.5505281235217554
ridge_alpha1,4,2018-03-23,2018-04-20,2.83,2.5314131946757406
ridge_alpha1,4,2018-03-30,2018-04-27,2.8,2.491265946588572
ridge_alpha1,4,2018-04-06,2018-05-04,2.75,2.720458463312068
ridge_alpha1,4,2018-04-13,2018-05-11,2.76,2.8031833794330225
ridge_alpha1,4,2018-04-20,2018-05-18,2.8,2.868726822222385
ridge_alpha1,4,2018-04-27,2018-05-25,2.83,2.9518825449657013
ridge_alpha1,4,2018-05-04,2018-06-01,2.88,2.9976524952340995
ridge_alpha1,4,2018-05-11,2018-06-08,2.92,2.963839864401452
ridge_alpha1,4,2018-05-18,2018-06-15,2.99,2.9931656639866735
ridge_alpha1,4,2018-05-25,2018-06-22,2.99,3.0244586177966815
ridge_alpha1,4,2018-06-01,2018-06-29,2.98,3.052770487737944
ridge_alpha1,4,2018-06-08,2018-07-06,2.91,3.088485543513243
ridge_alpha1,4,2018-06-15,2018-07-13,2.89,3.118900075405855
ridge_alpha1,4,2018-06-22,2018-07-20,2.78,3.1745894765770815
ridge_alpha1,4,2018-06-29,2018-07-27,2.79,3.1815531652243343
ridge_alpha1,4,2018-07-06,2018-08-03,2.8,3.1898695036515874
ridge_alpha1,4,2018-07-13,2018-08-10,2.96,3.1489194857533636
ridge_alpha1,4,2018-07-20,2018-08-17,3.0,3.1408253566659026
ridge_alpha1,4,2018-07-27,2018-08-24,3.01,3.0532328344045188
ridge_alpha1,4,2018-08-03,2018-08-31,2.97,3.073810658469462
ridge_alpha1,4,2018-08-10,2018-09-07,2.94,3.077641024749696
ridge_alpha1,4,2018-08-17,2018-09-14,2.93,3.189565108748331
ridge_alpha1,4,2018-08-24,2018-09-21,3.03,3.2090511383785816
ridge_alpha1,4,2018-08-31,2018-09-28,3.06,3.222183873259154
ridge_alpha1,4,2018-09-07,2018-10-05,3.23,3.22111157026929
ridge_alpha1,4,2018-09-14,2018-10-12,3.3,3.2076124182840475
ridge_alpha1,4,2018-09-21,2018-10-19,3.26,3.203217109481449
ridge_alpha1,4,2018-09-28,2018-10-26,3.32,3.2729493336463884
ridge_alpha1,4,2018-10-05,2018-11-02,3.28,3.2889895626692236
ridge_alpha1,4,2018-10-12,2018-11-09,3.58,3.4053316443187347
ridge_alpha1,4,2018-10-19,2018-11-16,4.23,3.453019001865499
ridge_alpha1,4,2018-10-26,2018-11-23,4.67,3.435218051405341
ridge_alpha1,4,2018-11-02,2018-11-30,4.43,3.5239874635853443
ridge_alpha1,4,2018-11-09,2018-12-07,4.49,3.497571081307005
ridge_alpha1,4,2018-11-16,2018-12-14,4.38,3.706916323208276
ridge_alpha1,4,2018-11-23,2018-12-21,3.73,4.100513861357545
ridge_alpha1,4,2018-11-30,2018-12-28,3.26,4.316024191358064
ridge_alpha1,4,2018-12-07,2019-01-04,2.92,4.1639630688494345
ridge_alpha1,4,2018-12-14,2019-01-11,2.89,4.335334982261594
ridge_alpha1,4,2018-12-21,2019-01-18,3.5,4.304873983402349
ridge_alpha1,4,2018-12-28,2019-01-25,3.19,3.822560365263998
ridge_alpha1,4,2019-01-04,2019-02-01,2.9,3.3856701612596263
ridge_alpha1,4,2019-01-11,2019-02-08,2.59,3.096449880500207
ridge_alpha1,4,2019-01-18,2019-02-15,2.65,2.9932275161160105
ridge_alpha1,4,2019-01-25,2019-02-22,2.71,3.4043923450173965
ridge_alpha1,4,2019-02-01,2019-03-01,2.91,3.084115349568793
ridge_alpha1,4,2019-02-08,2019-03-08,3.28,2.8803616284889895
ridge_alpha1,4,2019-02-15,2019-03-15,2.89,2.6690012961907437
ridge_alpha1,4,2019-02-22,2019-03-22,2.86,2.6937611129995256
ridge_alpha1,4,2019-03-01,2019-03-29,2.71,2.708029608453223
ridge_alpha1,4,2019-03-08,2019-04-05,2.7,2.8704906321885644
ridge_alpha1,4,2019-03-15,2019-04-12,2.72,3.2179126357375267
ridge_alpha1,4,2019-03-22,2019-04-19,2.62,2.9370215708079392
ridge_alpha1,4,2019-03-29,2019-04-26,2.56,2.9894063856993713
ridge_alpha1,4,2019-04-05,2019-05-03,2.59,2.899956215761286
ridge_alpha1,4,2019-04-12,2019-05-10,2.6,2.8601403906621767
ridge_alpha1,4,2019-04-19,2019-05-17,2.67,2.8939381325877553
ridge_alpha1,4,2019-04-26,2019-05-24,2.66,2.8058281654460404
ridge_alpha1,4,2019-05-03,2019-05-31,2.66,2.767340376265272
ridge_alpha1,4,2019-05-10,2019-06-07,2.45,2.7936820948657104
ridge_alpha1,4,2019-05-17,2019-06-14,2.41,2.7850719523277094
ridge_alpha1,4,2019-05-24,2019-06-21,2.4,2.831256904972273
ridge_alpha1,4,2019-05-31,2019-06-28,2.34,2.8213711606736034
ridge_alpha1,4,2019-06-07,2019-07-05,2.31,2.8799692641319456
ridge_alpha1,4,2019-06-14,2019-07-12,2.47,2.72040719787984
ridge_alpha1,4,2019-06-21,2019-07-19,2.44,2.701174705677304
ridge_alpha1,4,2019-06-28,2019-07-26,2.3,2.677772701150159
ridge_alpha1,4,2019-07-05,2019-08-02,2.24,2.6071031563054294
ridge_alpha1,4,2019-07-12,2019-08-09,2.11,2.5758690633067873
ridge_alpha1,4,2019-07-19,2019-08-16,2.21,2.6958210418687836
ridge_alpha1,4,2019-07-26,2019-08-23,2.27,2.6506373106983245
ridge_alpha1,4,2019-08-02,2019-08-30,2.28,2.550839102846078
ridge_alpha1,4,2019-08-09,2019-09-06,2.46,2.5229330903651803
ridge_alpha1,4,2019-08-16,2019-09-13,2.64,2.4060507529566637
ridge_alpha1,4,2019-08-23,2019-09-20,2.63,2.479608273680097
ridge_alpha1,4,2019-08-30,2019-09-27,2.52,2.518483060621121
ridge_alpha1,4,2019-09-06,2019-10-04,2.33,2.5212823739017316
ridge_alpha1,4,2019-09-13,2019-10-11,2.26,2.6685539136959746
ridge_alpha1,4,2019-09-20,2019-10-18,2.25,2.781165357190524
ridge_alpha1,4,2019-09-27,2019-10-25,2.25,2.760320373388998
ridge_alpha1,4,2019-10-04,2019-11-01,2.62,2.716786021017911
ridge_alpha1,4,2019-10-11,2019-11-08,2.82,2.598730014688514
ridge_alpha1,4,2019-10-18,2019-11-15,2.73,2.552238107615585
ridge_alpha1,4,2019-10-25,2019-11-22,2.58,2.5303717130206165
ridge_alpha1,4,2019-11-01,2019-11-29,2.49,2.5195014145454007
ridge_alpha1,4,2019-11-08,2019-12-06,2.38,2.796900812840489
ridge_alpha1,4,2019-11-15,2019-12-13,2.24,2.907079041993678
ridge_alpha1,4,2019-11-22,2019-12-20,2.28,2.8429385617090315
ridge_alpha1,4,2019-11-29,2019-12-27,2.03,2.7995896348238345
ridge_alpha1,4,2019-12-06,2020-01-03,2.06,2.7693988220800723
ridge_alpha1,4,2019-12-13,2020-01-10,2.1,2.674795248307314
ridge_alpha1,4,2019-12-20,2020-01-17,2.06,2.549312594512007
ridge_alpha1,4,2019-12-27,2020-01-24,1.93,2.5726402920492486
ridge_alpha1,4,2020-01-03,2020-01-31,1.95,2.209208765524905
ridge_alpha1,4,2020-01-10,2020-02-07,1.89,2.228613453253403
ridge_alpha1,4,2020-01-17,2020-02-14,1.9,2.242510509372472
ridge_alpha1,4,2020-01-24,2020-02-21,2.0,2.1765493295236302
ridge_alpha1,4,2020-01-31,2020-02-28,1.88,2.0688394759816244
ridge_alpha1,4,2020-02-07,2020-03-06,1.8,2.111639741173947
ridge_alpha1,4,2020-02-14,2020-03-13,1.87,2.062496123345741
ridge_alpha1,4,2020-02-21,2020-03-20,1.79,2.0713220520950832
ridge_alpha1,4,2020-02-28,2020-03-27,1.73,2.160734513415723
ridge_alpha1,4,2020-03-06,2020-04-03,1.62,2.0712597046993038
ridge_alpha1,4,2020-03-13,2020-04-10,1.77,2.0221379830255115
ridge_alpha1,4,2020-03-20,2020-04-17,1.72,2.1012558137757575
ridge_alpha1,4,2020-03-27,2020-04-24,1.85,2.012396819625037
ridge_alpha1,4,2020-04-03,2020-05-01,1.71,1.967877777039953
ridge_alpha1,4,2020-04-10,2020-05-08,1.84,1.880132720173902
ridge_alpha1,4,2020-04-17,2020-05-15,1.63,1.9971771257165258
ridge_alpha1,4,2020-04-24,2020-05-22,1.78,1.9325401690469248
ridge_alpha1,4,2020-05-01,2020-05-29,1.76,2.040617256619029
ridge_alpha1,4,2020-05-08,2020-06-05,1.7,1.9357325530338176
ridge_alpha1,4,2020-05-15,2020-06-12,1.7,2.0484343700922754
ridge_alpha1,4,2020-05-22,2020-06-19,1.52,1.8867809692374093
ridge_alpha1,4,2020-05-29,2020-06-26,1.57,2.013014475444314
ridge_alpha1,4,2020-06-05,2020-07-03,1.67,1.9986000712676857
ridge_alpha1,4,2020-06-12,2020-07-10,1.78,1.9421501187684989
ridge_alpha1,4,2020-06-19,2020-07-17,1.77,1.963258000330708
ridge_alpha1,4,2020-06-26,2020-07-24,1.72,1.8050389629175019
ridge_alpha1,4,2020-07-03,2020-07-31,1.82,1.8570488056240713
ridge_alpha1,4,2020-07-10,2020-08-07,2.13,1.9209015903683535
ridge_alpha1,4,2020-07-17,2020-08-14,2.17,1.9784469713389332
ridge_alpha1,4,2020-07-24,2020-08-21,2.39,1.9761408239793248
ridge_alpha1,4,2020-07-31,2020-08-28,2.52,1.957185252311692
ridge_alpha1,4,2020-08-07,2020-09-04,2.16,2.0589251288873265
ridge_alpha1,4,2020-08-14,2020-09-11,2.16,2.2536168263340186
ridge_alpha1,4,2020-08-21,2020-09-18,1.93,2.2381743842177686
ridge_alpha1,4,2020-08-28,2020-09-25,1.68,2.3988090467979384
ridge_alpha1,4,2020-09-04,2020-10-02,1.65,2.5018401200879286
ridge_alpha1,4,2020-09-11,2020-10-09,1.91,2.238255863240022
ridge_alpha1,4,2020-09-18,2020-10-16,2.17,2.3195197488480295
ridge_alpha1,4,2020-09-25,2020-10-23,2.74,2.161496937911765
ridge_alpha1,4,2020-10-02,2020-10-30,3.09,1.9620221129870044
ridge_alpha1,4,2020-10-09,2020-11-06,2.78,1.9414833103336204
ridge_alpha1,4,2020-10-16,2020-11-13,2.75,2.115109538106178
ridge_alpha1,4,2020-10-23,2020-11-20,2.39,2.274337892136673
ridge_alpha1,4,2020-10-30,2020-11-27,2.39,2.6720409568378676
ridge_alpha1,4,2020-11-06,2020-12-04,2.69,2.8941010216386363
ridge_alpha1,4,2020-11-13,2020-12-11,2.44,2.681082710463431
ridge_alpha1,4,2020-11-20,2020-12-18,2.7,2.762783629961938
ridge_alpha1,4,2020-11-27,2020-12-25,2.72,2.5129151253098216
ridge_alpha1,4,2020-12-04,2021-01-01,2.38,2.5227436149532347
ridge_alpha1,4,2020-12-11,2021-01-08,2.74,2.7342103804736073
ridge_alpha1,4,2020-12-18,2021-01-15,2.82,2.49967939142038
ridge_alpha1,4,2020-12-25,2021-01-22,2.54,2.7741063862731816
ridge_alpha1,4,2021-01-01,2021-01-29,2.71,2.765804313684486
ridge_alpha1,4,2021-01-08,2021-02-05,3.12,2.488374259373642
ridge_alpha1,4,2021-01-15,2021-02-12,4.63,2.848740253896004
ridge_alpha1,4,2021-01-22,2021-02-19,12.18,2.864944083479391
ridge_alpha1,4,2021-01-29,2021-02-26,2.86,2.6440181276341623
ridge_alpha1,4,2021-02-05,2021-03-05,2.79,2.8521322712062216
ridge_alpha1,4,2021-02-12,2021-03-12,2.65,3.1173651599336925
ridge_alpha1,4,2021-02-19,2021-03-19,2.53,4.00772533668253
ridge_alpha1,4,2021-02-26,2021-03-26,2.54,8.5114703317307
ridge_alpha1,4,2021-03-05,2021-04-02,2.54,0.9296720668335774
ridge_alpha1,4,2021-03-12,2021-04-09,2.45,2.1718891033254253
ridge_alpha1,4,2021-03-19,2021-04-16,2.59,2.449036271601634
ridge_alpha1,4,2021-03-26,2021-04-23,2.76,1.4994741579026027
ridge_alpha1,4,2021-04-02,2021-04-30,2.88,1.5184186829908137
ridge_alpha1,4,2021-04-09,2021-05-07,2.95,1.4934329380223916
ridge_alpha1,4,2021-04-16,2021-05-14,2.93,1.4021139856157845
ridge_alpha1,4,2021-04-23,2021-05-21,2.91,1.5190631955475786
ridge_alpha1,4,2021-04-30,2021-05-28,2.86,1.6325021968249227
ridge_alpha1,4,2021-05-07,2021-06-04,3.03,1.7072587909178534
ridge_alpha1,4,2021-05-14,2021-06-11,3.12,1.759645218369288
ridge_alpha1,4,2021-05-21,2021-06-18,3.28,3.0377745967272505
ridge_alpha1,4,2021-05-28,2021-06-25,3.28,3.0411564704493
ridge_alpha1,4,2021-06-04,2021-07-02,3.72,3.0188373437765392
ridge_alpha1,4,2021-06-11,2021-07-09,3.65,3.1435824064175906
ridge_alpha1,4,2021-06-18,2021-07-16,3.73,3.193417830751927
ridge_alpha1,5,2021-06-25,2021-07-23,3.93,3.2445285679906393
ridge_alpha1,5,2021-07-02,2021-07-30,4.06,3.3207734824964925
ridge_alpha1,5,2021-07-09,2021-08-06,4.15,3.553608715640248
ridge_alpha1,5,2021-07-16,2021-08-13,4.1,3.5831572299663983
ridge_alpha1,5,2021-07-23,2021-08-20,3.9,3.6552690915300285
ridge_alpha1,5,2021-07-30,2021-08-27,4.07,3.8570793460267803
ridge_alpha1,5,2021-08-06,2021-09-03,4.49,3.9351717783790567
ridge_alpha1,5,2021-08-13,2021-09-10,4.87,4.024029265631036
ridge_alpha1,5,2021-08-20,2021-09-17,5.42,4.07817858165599
ridge_alpha1,5,2021-08-27,2021-09-24,5.03,4.009717450818499
ridge_alpha1,5,2021-09-03,2021-10-01,5.68,4.143088957278046
ridge_alpha1,5,2021-09-10,2021-10-08,5.87,4.3572913360786085
ridge_alpha1,5,2021-09-17,2021-10-15,5.54,4.5352974190743875
ridge_alpha1,5,2021-09-24,2021-10-22,4.95,4.871220090190015
ridge_alpha1,5,2021-10-01,2021-10-29,5.68,4.838973301105503
ridge_alpha1,5,2021-10-08,2021-11-05,5.48,5.258743091517722
ridge_alpha1,5,2021-10-15,2021-11-12,4.99,5.475829295682905
ridge_alpha1,5,2021-10-22,2021-11-19,4.91,5.298909725498579
ridge_alpha1,5,2021-10-29,2021-11-26,4.9,5.045130771106363
ridge_alpha1,5,2021-11-05,2021-12-03,4.32,5.461884629007487
ridge_alpha1,5,2021-11-12,2021-12-10,3.68,5.385564680283644
ridge_alpha1,5,2021-11-19,2021-12-17,3.78,5.086249719755177
ridge_alpha1,5,2021-11-26,2021-12-24,3.85,5.139218541462203
ridge_alpha1,5,2021-12-03,2021-12-31,3.57,5.1437377795081085
ridge_alpha1,5,2021-12-10,2022-01-07,3.8,4.696424466729882
ridge_alpha1,5,2021-12-17,2022-01-14,4.42,4.110615742544879
ridge_alpha1,5,2021-12-24,2022-01-21,4.5,4.044605825822445
ridge_alpha1,5,2021-12-31,2022-01-28,4.6,4.03020515907346
ridge_alpha1,5,2022-01-07,2022-02-04,5.78,3.6454964892085036
ridge_alpha1,5,2022-01-14,2022-02-11,4.19,3.7577309623618387
ridge_alpha1,5,2022-01-21,2022-02-18,4.39,4.055546035739024
ridge_alpha1,5,2022-01-28,2022-02-25,4.62,4.116123215146342
ridge_alpha1,5,2022-02-04,2022-03-04,4.57,4.306627370973081
ridge_alpha1,5,2022-02-11,2022-03-11,4.7,4.960938965269826
ridge_alpha1,5,2022-02-18,2022-03-18,4.68,4.137857393284517
ridge_alpha1,5,2022-02-25,2022-03-25,5.14,4.20069024982935
ridge_alpha1,5,2022-03-04,2022-04-01,5.41,4.446265288208412
ridge_alpha1,5,2022-03-11,2022-04-08,6.08,4.400219759048548
ridge_alpha1,5,2022-03-18,2022-04-15,6.64,4.5462591484405515
ridge_alpha1,5,2022-03-25,2022-04-22,7.1,4.613878138257273
ridge_alpha1,5,2022-04-01,2022-04-29,6.81,4.872928009046779
ridge_alpha1,5,2022-04-08,2022-05-06,8.04,5.078058992016917
ridge_alpha1,5,2022-04-15,2022-05-13,7.47,5.413213268151361
ridge_alpha1,5,2022-04-22,2022-05-20,8.21,5.801460886095448
ridge_alpha1,5,2022-04-29,2022-05-27,8.79,6.129390975546434
ridge_alpha1,5,2022-05-06,2022-06-03,8.54,6.197767233801668
ridge_alpha1,5,2022-05-13,2022-06-10,8.95,6.906784005723328
ridge_alpha1,5,2022-05-20,2022-06-17,7.93,6.779211281725354
ridge_alpha1,5,2022-05-27,2022-06-24,6.43,7.167246981289894
ridge_alpha1,5,2022-06-03,2022-07-01,6.35,7.7631122745581145
ridge_alpha1,5,2022-06-10,2022-07-08,5.9,7.674362331051032
ridge_alpha1,5,2022-06-17,2022-07-15,6.76,8.173146364806332
ridge_alpha1,5,2022-06-24,2022-07-22,7.76,7.74776596675289
ridge_alpha1,5,2022-07-01,2022-07-29,8.74,6.684113101171802
ridge_alpha1,5,2022-07-08,2022-08-05,8.14,6.503643004498161
ridge_alpha1,5,2022-07-15,2022-08-12,8.15,6.098409120421784
ridge_alpha1,5,2022-07-22,2022-08-19,9.19,6.494075876439219
ridge_alpha1,5,2022-07-29,2022-08-26,9.56,6.992427320586298
ridge_alpha1,5,2022-08-05,2022-09-02,9.17,7.4902974348717635
ridge_alpha1,5,2022-08-12,2022-09-09,8.3,7.506375378914684
ridge_alpha1,5,2022-08-19,2022-09-16,8.42,7.772258618524209
ridge_alpha1,5,2022-08-26,2022-09-23,7.69,8.43299063584314
ridge_alpha1,5,2022-09-02,2022-09-30,6.63,8.572256653328886
ridge_alpha1,5,2022-09-09,2022-10-07,6.01,8.458705786851183
ridge_alpha1,5,2022-09-16,2022-10-14,6.29,8.111759501665915
ridge_alpha1,5,2022-09-23,2022-10-21,5.48,8.17924790596698
ridge_alpha1,5,2022-09-30,2022-10-28,5.12,7.733583890709035
ridge_alpha1,5,2022-10-07,2022-11-04,4.57,6.9672404990529415
ridge_alpha1,5,2022-10-14,2022-11-11,4.34,6.385560210874115
ridge_alpha1,5,2022-10-21,2022-11-18,6.06,6.385550277577924
ridge_alpha1,5,2022-10-28,2022-11-25,6.41,5.737078999865705
ridge_alpha1,5,2022-11-04,2022-12-02,6.06,5.297892859301578
ridge_alpha1,5,2022-11-11,2022-12-09,4.6,4.783373961260349
ridge_alpha1,5,2022-11-18,2022-12-16,6.78,4.459948951485011
ridge_alpha1,5,2022-11-25,2022-12-23,6.35,5.3121986562381185
ridge_alpha1,5,2022-12-02,2022-12-30,4.06,5.5398900824130966
ridge_alpha1,5,2022-12-09,2023-01-06,3.65,5.475745355601237
ridge_alpha1,5,2022-12-16,2023-01-13,3.46,4.914050067136262
ridge_alpha1,5,2022-12-23,2023-01-20,3.17,6.0748440478354695
ridge_alpha1,5,2022-12-30,2023-01-27,3.08,5.884422117056754
ridge_alpha1,5,2023-01-06,2023-02-03,2.64,4.109946665368304
ridge_alpha1,5,2023-01-13,2023-02-10,2.34,3.8289640114723142
ridge_alpha1,5,2023-01-20,2023-02-17,2.41,3.525335178324482
ridge_alpha1,5,2023-01-27,2023-02-24,2.18,3.226794794037362
ridge_alpha1,5,2023-02-03,2023-03-03,2.6,3.0789510329134497
ridge_alpha1,5,2023-02-10,2023-03-10,2.48,2.690090126573806
ridge_alpha1,5,2023-02-17,2023-03-17,2.47,2.3543799819871505
ridge_alpha1,5,2023-02-24,2023-03-24,2.06,2.31846446850372
ridge_alpha1,5,2023-03-03,2023-03-31,2.01,2.1427859093226824
ridge_alpha1,5,2023-03-10,2023-04-07,2.14,2.306365669260976
ridge_alpha1,5,2023-03-17,2023-04-14,2.09,2.338843864751315
ridge_alpha1,5,2023-03-24,2023-04-21,2.21,2.4545149185132806
ridge_alpha1,5,2023-03-31,2023-04-28,2.2,2.257693770870336
ridge_alpha1,5,2023-04-07,2023-05-05,2.03,2.1892358341935454
ridge_alpha1,5,2023-04-14,2023-05-12,2.1,2.2644716015400848
ridge_alpha1,5,2023-04-21,2023-05-19,2.29,2.23963384272231
ridge_alpha1,5,2023-04-28,2023-05-26,2.17,2.316320390054018
ridge_alpha1,5,2023-05-05,2023-06-02,1.93,2.361079240509509
ridge_alpha1,5,2023-05-12,2023-06-09,1.99,2.2455283919138287
ridge_alpha1,5,2023-05-19,2023-06-16,2.05,2.2864225350667158
ridge_alpha1,5,2023-05-26,2023-06-23,2.28,2.3842412523362873
ridge_alpha1,5,2023-06-02,2023-06-30,2.58,2.333867075023833
ridge_alpha1,5,2023-06-09,2023-07-07,2.53,2.1920235553623866
ridge_alpha1,5,2023-06-16,2023-07-14,2.53,2.2310305360211133
ridge_alpha1,5,2023-06-23,2023-07-21,2.54,2.260436378206225
ridge_alpha1,5,2023-06-30,2023-07-28,2.59,2.353574398394668
ridge_alpha1,5,2023-07-07,2023-08-04,2.49,2.5194339795456555
ridge_alpha1,5,2023-07-14,2023-08-11,2.76,2.53523419660442
ridge_alpha1,5,2023-07-21,2023-08-18,2.59,2.605189596148044
ridge_alpha1,5,2023-07-28,2023-08-25,2.53,2.6798081747813525
ridge_alpha1,5,2023-08-04,2023-09-01,2.57,2.7201672700932176
ridge_alpha1,5,2023-08-11,2023-09-08,2.52,2.66966842394641
ridge_alpha1,5,2023-08-18,2023-09-15,2.71,2.7946068603527943
ridge_alpha1,5,2023-08-25,2023-09-22,2.62,2.727072512573043
ridge_alpha1,5,2023-09-01,2023-09-29,2.66,2.714389951821193
ridge_alpha1,5,2023-09-08,2023-10-06,2.91,2.7916046283165716
ridge_alpha1,5,2023-09-15,2023-10-13,3.2,2.790933475635811
ridge_alpha1,5,2023-09-22,2023-10-20,2.86,2.8890670240845178
ridge_alpha1,5,2023-09-29,2023-10-27,2.89,2.8571747411252604
ridge_alpha1,5,2023-10-06,2023-11-03,3.17,2.8914305413279946
ridge_alpha1,5,2023-10-13,2023-11-10,2.46,3.0368278203672725
ridge_alpha1,5,2023-10-20,2023-11-17,2.74,3.1516722315812444
ridge_alpha1,5,2023-10-27,2023-11-24,2.64,3.0113314734735153
ridge_alpha1,5,2023-11-03,2023-12-01,2.72,3.090500459345118
ridge_alpha1,5,2023-11-10,2023-12-08,2.62,3.2626008351709475
ridge_alpha1,5,2023-11-17,2023-12-15,2.38,2.7944351865177097
ridge_alpha1,5,2023-11-24,2023-12-22,2.5,2.923719128170643
ridge_alpha1,5,2023-12-01,2023-12-29,2.56,2.9070283771839676
ridge_alpha1,5,2023-12-08,2024-01-05,2.68,2.920850637896737
ridge_alpha1,5,2023-12-15,2024-01-12,5.11,2.9198789965436984
ridge_alpha1,5,2023-12-22,2024-01-19,2.92,2.7277934318137467
ridge_alpha1,5,2023-12-29,2024-01-26,2.38,2.778610795202722
ridge_alpha1,5,2024-01-05,2024-02-02,2.21,2.6411588855211896
ridge_alpha1,5,2024-01-12,2024-02-09,1.93,2.6907248074658803
ridge_alpha1,5,2024-01-19,2024-02-16,1.59,3.628250560278932
ridge_alpha1,5,2024-01-26,2024-02-23,1.56,2.590135793411899
ridge_alpha1,5,2024-02-02,2024-03-01,1.58,2.2371471532650022
ridge_alpha1,5,2024-02-09,2024-03-08,1.55,2.287230323900248
ridge_alpha1,5,2024-02-16,2024-03-15,1.4,2.036450417115021
ridge_alpha1,5,2024-02-23,2024-03-22,1.54,1.724417252164372
ridge_alpha1,5,2024-03-01,2024-03-29,1.48,1.6373351434441652
ridge_alpha1,5,2024-03-08,2024-04-05,1.7,1.6035459212218686
ridge_alpha1,5,2024-03-15,2024-04-12,1.69,1.564052594948535
ridge_alpha1,5,2024-03-22,2024-04-19,1.46,1.4267797214850906
ridge_alpha1,5,2024-03-29,2024-04-26,1.54,1.4784993526484729
ridge_alpha1,5,2024-04-05,2024-05-03,1.64,1.44309060024238
ridge_alpha1,5,2024-04-12,2024-05-10,2.0,1.6955580987524272
ridge_alpha1,5,2024-04-19,2024-05-17,2.23,1.7663987229390843
ridge_alpha1,5,2024-04-26,2024-05-24,2.48,1.6450162994072182
ridge_alpha1,5,2024-05-03,2024-05-31,2.03,1.7425832045347747
ridge_alpha1,5,2024-05-10,2024-06-07,2.43,1.8113119735169425
ridge_alpha1,5,2024-05-17,2024-06-14,2.73,1.9409728033044558
ridge_alpha1,5,2024-05-24,2024-06-21,2.44,2.0714603513544487
ridge_alpha1,5,2024-05-31,2024-06-28,2.52,2.2300069280489194
ridge_alpha1,5,2024-06-07,2024-07-05,2.08,2.108605988910073
ridge_alpha1,5,2024-06-14,2024-07-12,2.26,2.3549496202940894
ridge_alpha1,5,2024-06-21,2024-07-19,2.02,2.538569514059451
ridge_alpha1,5,2024-06-28,2024-07-26,2.06,2.36881593544589
ridge_alpha1,5,2024-07-05,2024-08-02,1.9,2.526283963176576
ridge_alpha1,5,2024-07-12,2024-08-09,1.88,2.280527115539412
ridge_alpha1,5,2024-07-19,2024-08-16,2.13,2.367054467800912
ridge_alpha1,5,2024-07-26,2024-08-23,2.04,2.251293970728903
ridge_alpha1,5,2024-08-02,2024-08-30,1.94,2.2792768195297217
ridge_alpha1,5,2024-08-09,2024-09-06,2.02,2.185692470145843
ridge_alpha1,5,2024-08-16,2024-09-13,2.13,2.136959759053893
ridge_alpha1,5,2024-08-23,2024-09-20,2.26,2.2657120771904236
ridge_alpha1,5,2024-08-30,2024-09-27,2.56,2.2119807164145096
ridge_alpha1,5,2024-09-06,2024-10-04,2.66,2.16754622540505
ridge_alpha1,5,2024-09-13,2024-10-11,2.4,2.2582287938489474
ridge_alpha1,5,2024-09-20,2024-10-18,2.15,2.3164359517879705
ridge_alpha1,5,2024-09-27,2024-10-25,1.88,2.38629422540117
ridge_alpha1,5,2024-10-04,2024-11-01,1.83,2.5540055379185027
ridge_alpha1,5,2024-10-11,2024-11-08,1.5,2.6359940091110916
ridge_alpha1,5,2024-10-18,2024-11-15,1.79,2.5496217387118554
ridge_alpha1,5,2024-10-25,2024-11-22,2.35,2.4205174967582144
ridge_alpha1,5,2024-11-01,2024-11-29,3.19,2.2289982851361483
ridge_alpha1,5,2024-11-08,2024-12-06,2.9,2.1510253324655784
ridge_alpha1,5,2024-11-15,2024-12-13,3.03,1.8807656537406272
ridge_alpha1,5,2024-11-22,2024-12-20,3.0,2.0034523890792753
ridge_alpha1,5,2024-11-29,2024-12-27,2.94,2.2746939769545538
ridge_alpha1,5,2024-12-06,2025-01-03,3.46,2.644063385028948
ridge_alpha1,5,2024-12-13,2025-01-10,3.93,2.6404377325189525
ridge_alpha1,5,2024-12-20,2025-01-17,5.47,2.8771092739699196
ridge_alpha1,5,2024-12-27,2025-01-24,4.02,3.0358080299795454
ridge_alpha1,5,2025-01-03,2025-01-31,3.31,2.817515364049526
ridge_alpha1,5,2025-01-10,2025-02-07,3.28,3.0632332004297504
ridge_alpha1,5,2025-01-17,2025-02-14,4.03,3.2865527148128337
ridge_alpha1,5,2025-01-24,2025-02-21,5.9,3.9766535897043473
ridge_alpha1,5,2025-01-31,2025-02-28,3.89,3.4554340924216773
ridge_alpha1,5,2025-02-07,2025-03-07,4.27,3.1464807103508097
ridge_alpha1,5,2025-02-14,2025-03-14,4.15,3.2457594689821376
ridge_alpha1,5,2025-02-21,2025-03-21,4.14,3.660894357562571
ridge_alpha1,5,2025-02-28,2025-03-28,3.92,4.404124349814752
ridge_alpha1,5,2025-03-07,2025-04-04,4.07,3.495204763960615
ridge_alpha1,5,2025-03-14,2025-04-11,3.67,3.8357349217031667
ridge_alpha1,5,2025-03-21,2025-04-18,3.26,3.9903210178947957
ridge_alpha1,5,2025-03-28,2025-04-25,3.0,3.9825128526473166
ridge_alpha1,5,2025-04-04,2025-05-02,3.09,3.934621254796464
ridge_alpha1,5,2025-04-11,2025-05-09,3.19,4.001854555604147
ridge_alpha1,5,2025-04-18,2025-05-16,3.2,3.7546951068778505
ridge_alpha1,5,2025-04-25,2025-05-23,3.05,3.4014779538617086
ridge_alpha1,5,2025-05-02,2025-05-30,3.03,3.1883914231816135
ridge_alpha1,5,2025-05-09,2025-06-06,2.84,3.1884217586227432
ridge_alpha1,5,2025-05-16,2025-06-13,2.84,3.2168450295693916
ridge_alpha1,5,2025-05-23,2025-06-20,3.08,3.276533333083307
ridge_alpha1,5,2025-05-30,2025-06-27,3.3,3.195286740759874
ridge_alpha1,5,2025-06-06,2025-07-04,3.19,3.1897668951078066
ridge_alpha1,5,2025-06-13,2025-07-11,3.17,3.0462547422939084
ridge_alpha1,5,2025-06-20,2025-07-18,3.39,3.019789190505263
ridge_alpha1,5,2025-06-27,2025-07-25,3.19,3.1509184287726955
ridge_alpha1,5,2025-07-04,2025-08-01,3.03,3.2904999819781424
ridge_alpha1,5,2025-07-11,2025-08-08,2.99,3.2826477275842385
ridge_alpha1,5,2025-07-18,2025-08-15,2.94,3.338091907756517
ridge_alpha1,5,2025-07-25,2025-08-22,2.85,3.480878523074509
ridge_alpha1,5,2025-08-01,2025-08-29,2.85,3.38209785060635
ridge_alpha1,5,2025-08-08,2025-09-05,2.97,3.2680611475980053
ridge_alpha1,5,2025-08-15,2025-09-12,2.96,3.240623731072172
ridge_alpha1,5,2025-08-22,2025-09-19,3.05,3.1926136664662526
ridge_alpha1,5,2025-08-29,2025-09-26,2.91,3.1161703785724395
ridge_alpha1,5,2025-09-05,2025-10-03,3.16,3.118906281394856
ridge_alpha1,5,2025-09-12,2025-10-10,3.23,3.184539845304159
ridge_alpha1,5,2025-09-19,2025-10-17,2.8,3.1718086184933036
ridge_alpha1,5,2025-09-26,2025-10-24,3.25,3.2261490326929176
ridge_alpha1,5,2025-10-03,2025-10-31,3.42,3.187085397406765
ridge_alpha1,5,2025-10-10,2025-11-07,3.54,3.30785242043548
ridge_alpha1,5,2025-10-17,2025-11-14,3.62,3.372193798964068
ridge_alpha1,5,2025-10-24,2025-11-21,3.89,3.100808110664024
ridge_alpha1,5,2025-10-31,2025-11-28,4.29,3.3563781197833964
ridge_alpha1,5,2025-11-07,2025-12-05,4.97,3.465971436876506
ridge_alpha1,5,2025-11-14,2025-12-12,4.6,3.4853899321086064
ridge_alpha1,5,2025-11-21,2025-12-19,3.71,3.6551187497659083
ridge_alpha1,5,2025-11-28,2025-12-26,3.45,3.827159562206827
ridge_alpha1,5,2025-12-05,2026-01-02,4.25,4.050615692182373
ridge_alpha1,5,2025-12-12,2026-01-09,2.91,4.383429549945108
ridge_alpha1,5,2025-12-19,2026-01-16,3.0,4.31689275335607
ridge_alpha1,5,2025-12-26,2026-01-23,12.02,3.8681373456522774
ridge_alpha1,5,2026-01-02,2026-01-30,13.8,3.5172888473140747
ridge_alpha1,5,2026-01-09,2026-02-06,5.01,3.936898381242654
ridge_alpha1,5,2026-01-16,2026-02-13,3.27,3.093492713908197
ridge_alpha1,5,2026-01-23,2026-02-20,3.08,3.0186483952856653
ridge_alpha1,5,2026-01-30,2026-02-27,3.01,6.629453672179731
ridge_alpha1,5,2026-02-06,2026-03-06,2.99,7.4865024078000415
ridge_alpha1,5,2026-02-13,2026-03-13,3.19,3.2148469562706095
ridge_alpha1,5,2026-02-20,2026-03-20,3.11,2.86240206981239
ridge_alpha1,5,2026-02-27,2026-03-27,2.95,2.434082714370124
ridge_alpha1,5,2026-03-06,2026-04-03,2.9,2.279196868905224
ridge_alpha1,5,2026-03-13,2026-04-10,2.85,2.219559134880482
ridge_alpha1,5,2026-03-20,2026-04-17,2.77,2.3010952444225055
ridge_alpha1,5,2026-03-27,2026-04-24,2.7,2.2501749396536037
ridge_alpha1,5,2026-04-03,2026-05-01,2.66,2.1377900228429105
ridge_alpha1,5,2026-04-10,2026-05-08,2.74,2.112677917480873
ridge_alpha1,5,2026-04-17,2026-05-15,2.86,2.0642989714335185
